lat,lon,satelite,data
-32.82182,-59.09281,AQUA_M-T,2025-07-11 18:28:00
-32.81409,-59.08656,AQUA_M-T,2025-07-11 18:28:00
-23.04256,-45.38948,NPP-375,2025-07-11 16:16:00
-26.22528,-53.36483,NPP-375,2025-07-11 16:16:00
-25.19661,-51.48652,NPP-375,2025-07-11 16:16:00
-24.33533,-48.7581,NPP-375,2025-07-11 16:16:00
-23.67384,-47.16564,NPP-375,2025-07-11 16:16:00
-23.14462,-49.53216,NPP-375,2025-07-11 16:16:00
-22.87088,-49.67707,NPP-375,2025-07-11 16:16:00
-22.67045,-51.37719,NPP-375,2025-07-11 16:16:00
-22.43554,-44.39798,NPP-375,2025-07-11 16:16:00
-22.43142,-44.39853,NPP-375,2025-07-11 16:16:00
-21.6657,-52.42027,NPP-375,2025-07-11 16:18:00
-19.43596,-47.17058,NPP-375,2025-07-11 16:18:00
-19.42774,-44.75879,NPP-375,2025-07-11 16:18:00
-19.17589,-40.61598,NPP-375,2025-07-11 16:18:00
7.71568,-63.06512,NOAA-20,2025-07-11 16:48:00
7.71197,-63.06322,NOAA-20,2025-07-11 16:48:00
10.36589,-63.77126,NOAA-20,2025-07-11 16:50:00
-18.54149,-58.59593,NOAA-20,2025-07-11 16:41:00
-18.53768,-58.60116,NOAA-20,2025-07-11 16:41:00
-6.85721,-42.79782,NOAA-20,2025-07-11 16:43:00
-26.4917,-53.90222,NOAA-20,2025-07-11 16:37:00
-26.4914,-53.89871,NOAA-20,2025-07-11 16:37:00
-26.40073,-53.95103,NOAA-20,2025-07-11 16:37:00
-26.36108,-54.0443,NOAA-20,2025-07-11 16:37:00
-26.3585,-54.01529,NOAA-20,2025-07-11 16:37:00
-26.2066,-53.73417,NOAA-20,2025-07-11 16:37:00
-26.2063,-53.73081,NOAA-20,2025-07-11 16:37:00
-27.15543,-54.2613,NOAA-20,2025-07-11 16:37:00
-26.97178,-54.40131,NOAA-20,2025-07-11 16:37:00
-24.99018,-55.10328,NOAA-20,2025-07-11 16:39:00
-24.99008,-55.10496,NOAA-20,2025-07-11 16:39:00
-24.79157,-55.37714,NOAA-20,2025-07-11 16:39:00
-24.78967,-55.37714,NOAA-20,2025-07-11 16:39:00
-24.67814,-55.30267,NOAA-20,2025-07-11 16:39:00
-24.67403,-55.30231,NOAA-20,2025-07-11 16:39:00
-24.67257,-55.30333,NOAA-20,2025-07-11 16:39:00
-24.55991,-55.33574,NOAA-20,2025-07-11 16:39:00
-24.5277,-55.35448,NOAA-20,2025-07-11 16:39:00
-24.49747,-54.63089,NOAA-20,2025-07-11 16:39:00
-24.49715,-54.62737,NOAA-20,2025-07-11 16:39:00
-24.23101,-54.74353,NOAA-20,2025-07-11 16:39:00
-26.60186,-55.68454,NOAA-20,2025-07-11 16:37:00
-26.59654,-55.68333,NOAA-20,2025-07-11 16:37:00
-26.31866,-55.72169,NOAA-20,2025-07-11 16:37:00
-26.28011,-54.51498,NOAA-20,2025-07-11 16:37:00
-25.9194,-54.3231,NOAA-20,2025-07-11 16:37:00
-25.6976,-55.26121,NOAA-20,2025-07-11 16:39:00
-25.50987,-55.06824,NOAA-20,2025-07-11 16:39:00
-25.50953,-55.06424,NOAA-20,2025-07-11 16:39:00
-25.50897,-55.06916,NOAA-20,2025-07-11 16:39:00
-25.50865,-55.06514,NOAA-20,2025-07-11 16:39:00
-25.43102,-55.34571,NOAA-20,2025-07-11 16:39:00
-27.32991,-55.49275,NOAA-20,2025-07-11 16:37:00
-27.3299,-55.49108,NOAA-20,2025-07-11 16:37:00
-28.37559,-56.21642,NOAA-20,2025-07-11 16:37:00
-28.36948,-56.21687,NOAA-20,2025-07-11 16:37:00
-28.24986,-55.88865,NOAA-20,2025-07-11 16:37:00
-28.24387,-55.88914,NOAA-20,2025-07-11 16:37:00
-28.19058,-55.76791,NOAA-20,2025-07-11 16:37:00
-28.19025,-55.76316,NOAA-20,2025-07-11 16:37:00
-28.18793,-55.76705,NOAA-20,2025-07-11 16:37:00
-28.18763,-55.76223,NOAA-20,2025-07-11 16:37:00
-28.18464,-55.76842,NOAA-20,2025-07-11 16:37:00
-28.16903,-55.65768,NOAA-20,2025-07-11 16:37:00
-28.16506,-55.65916,NOAA-20,2025-07-11 16:37:00
-28.05429,-56.10332,NOAA-20,2025-07-11 16:37:00
-23.75517,-56.06824,NOAA-20,2025-07-11 16:39:00
-23.74839,-55.98704,NOAA-20,2025-07-11 16:39:00
-23.59674,-56.0008,NOAA-20,2025-07-11 16:39:00
-23.56919,-56.00528,NOAA-20,2025-07-11 16:39:00
-23.56828,-56.00726,NOAA-20,2025-07-11 16:39:00
-23.46899,-55.99917,NOAA-20,2025-07-11 16:39:00
-23.29704,-55.84256,NOAA-20,2025-07-11 16:39:00
-23.25685,-55.80288,NOAA-20,2025-07-11 16:39:00
-23.25373,-55.8041,NOAA-20,2025-07-11 16:39:00
-22.98408,-56.29509,NOAA-20,2025-07-11 16:39:00
-22.98375,-56.2931,NOAA-20,2025-07-11 16:39:00
-22.89772,-55.84203,NOAA-20,2025-07-11 16:39:00
-25.16913,-55.60102,NOAA-20,2025-07-11 16:39:00
-25.14456,-56.91216,NOAA-20,2025-07-11 16:39:00
-25.14388,-56.91139,NOAA-20,2025-07-11 16:39:00
-25.13119,-56.00816,NOAA-20,2025-07-11 16:39:00
-25.12793,-56.85667,NOAA-20,2025-07-11 16:39:00
-25.12761,-56.85585,NOAA-20,2025-07-11 16:39:00
-25.12535,-56.00882,NOAA-20,2025-07-11 16:39:00
-25.12177,-56.85719,NOAA-20,2025-07-11 16:39:00
-25.12146,-56.85639,NOAA-20,2025-07-11 16:39:00
-25.08393,-56.58116,NOAA-20,2025-07-11 16:39:00
-25.08247,-56.58232,NOAA-20,2025-07-11 16:39:00
-25.07039,-56.30527,NOAA-20,2025-07-11 16:39:00
-24.86077,-56.35574,NOAA-20,2025-07-11 16:39:00
-24.81514,-56.54786,NOAA-20,2025-07-11 16:39:00
-24.81478,-56.54306,NOAA-20,2025-07-11 16:39:00
-24.80877,-56.54368,NOAA-20,2025-07-11 16:39:00
-24.78986,-55.91052,NOAA-20,2025-07-11 16:39:00
-24.76987,-56.85425,NOAA-20,2025-07-11 16:39:00
-24.73347,-56.37714,NOAA-20,2025-07-11 16:39:00
-24.67321,-55.69736,NOAA-20,2025-07-11 16:39:00
-24.63359,-55.79502,NOAA-20,2025-07-11 16:39:00
-24.48898,-56.09555,NOAA-20,2025-07-11 16:39:00
-24.46197,-56.78659,NOAA-20,2025-07-11 16:39:00
-24.37179,-56.2459,NOAA-20,2025-07-11 16:39:00
-24.36568,-55.94673,NOAA-20,2025-07-11 16:39:00
-24.35697,-55.69963,NOAA-20,2025-07-11 16:39:00
-24.35126,-55.70007,NOAA-20,2025-07-11 16:39:00
-24.20015,-55.63032,NOAA-20,2025-07-11 16:39:00
-24.18373,-56.08383,NOAA-20,2025-07-11 16:39:00
-24.12767,-55.96912,NOAA-20,2025-07-11 16:39:00
-24.05823,-56.42259,NOAA-20,2025-07-11 16:39:00
-23.97575,-56.26086,NOAA-20,2025-07-11 16:39:00
-23.94636,-56.41526,NOAA-20,2025-07-11 16:39:00
-23.946,-56.41066,NOAA-20,2025-07-11 16:39:00
-23.94289,-56.41608,NOAA-20,2025-07-11 16:39:00
-23.9425,-56.41147,NOAA-20,2025-07-11 16:39:00
-23.92196,-55.95867,NOAA-20,2025-07-11 16:39:00
-24.25321,-55.32152,NOAA-20,2025-07-11 16:39:00
-24.25287,-55.31762,NOAA-20,2025-07-11 16:39:00
-24.2518,-55.31834,NOAA-20,2025-07-11 16:39:00
-26.71431,-55.93209,NOAA-20,2025-07-11 16:37:00
-26.48248,-56.47668,NOAA-20,2025-07-11 16:37:00
-26.34779,-56.75793,NOAA-20,2025-07-11 16:37:00
-26.32815,-56.14848,NOAA-20,2025-07-11 16:37:00
-26.21611,-55.82495,NOAA-20,2025-07-11 16:37:00
-26.06149,-55.87399,NOAA-20,2025-07-11 16:37:00
-26.05562,-55.87445,NOAA-20,2025-07-11 16:37:00
-25.95037,-56.19195,NOAA-20,2025-07-11 16:37:00
-25.87713,-56.21801,NOAA-20,2025-07-11 16:39:00
-25.5382,-56.89905,NOAA-20,2025-07-11 16:39:00
-25.53717,-56.89838,NOAA-20,2025-07-11 16:39:00
-25.51055,-56.25061,NOAA-20,2025-07-11 16:39:00
-25.32196,-56.21733,NOAA-20,2025-07-11 16:39:00
-25.32062,-56.96167,NOAA-20,2025-07-11 16:39:00
-25.31943,-56.9612,NOAA-20,2025-07-11 16:39:00
-28.12143,-56.56961,NOAA-20,2025-07-11 16:37:00
-28.11971,-56.57336,NOAA-20,2025-07-11 16:37:00
-28.1194,-56.56794,NOAA-20,2025-07-11 16:37:00
-27.50662,-57.28159,NOAA-20,2025-07-11 16:37:00
-30.53206,-58.02407,NOAA-20,2025-07-11 16:37:00
-30.21666,-57.5932,NOAA-20,2025-07-11 16:37:00
-22.48428,-57.02137,NOAA-20,2025-07-11 16:39:00
-24.59119,-58.39851,NOAA-20,2025-07-11 16:39:00
-26.54621,-58.17062,NOAA-20,2025-07-11 16:37:00
-26.47424,-58.65002,NOAA-20,2025-07-11 16:37:00
-25.93677,-58.44165,NOAA-20,2025-07-11 16:39:00
-25.93513,-58.44253,NOAA-20,2025-07-11 16:39:00
-25.37847,-57.4134,NOAA-20,2025-07-11 16:39:00
-25.37808,-57.40795,NOAA-20,2025-07-11 16:39:00
-25.37434,-57.41337,NOAA-20,2025-07-11 16:39:00
-25.37399,-57.40799,NOAA-20,2025-07-11 16:39:00
-28.08159,-58.95547,NOAA-20,2025-07-11 16:37:00
-28.07848,-58.95617,NOAA-20,2025-07-11 16:37:00
-28.0745,-58.95585,NOAA-20,2025-07-11 16:37:00
-27.93978,-59.13192,NOAA-20,2025-07-11 16:37:00
-27.93623,-59.12944,NOAA-20,2025-07-11 16:37:00
-27.11635,-58.88016,NOAA-20,2025-07-11 16:37:00
-27.11476,-58.87865,NOAA-20,2025-07-11 16:37:00
-28.84444,-58.47744,NOAA-20,2025-07-11 16:37:00
-28.83883,-58.48499,NOAA-20,2025-07-11 16:37:00
-28.83849,-58.47774,NOAA-20,2025-07-11 16:37:00
-28.8375,-58.47794,NOAA-20,2025-07-11 16:37:00
-28.34515,-58.56879,NOAA-20,2025-07-11 16:37:00
-28.34479,-58.56159,NOAA-20,2025-07-11 16:37:00
-28.34422,-58.56363,NOAA-20,2025-07-11 16:37:00
-28.33819,-58.56902,NOAA-20,2025-07-11 16:37:00
-28.33784,-58.5619,NOAA-20,2025-07-11 16:37:00
-28.33726,-58.56395,NOAA-20,2025-07-11 16:37:00
-18.68561,-58.22598,NOAA-20,2025-07-11 16:39:00
-18.68514,-58.22089,NOAA-20,2025-07-11 16:39:00
-18.68373,-58.2056,NOAA-20,2025-07-11 16:39:00
-18.68326,-58.20053,NOAA-20,2025-07-11 16:39:00
-18.67794,-58.21126,NOAA-20,2025-07-11 16:39:00
-18.67748,-58.20618,NOAA-20,2025-07-11 16:39:00
-18.67701,-58.20111,NOAA-20,2025-07-11 16:39:00
-18.67655,-58.19604,NOAA-20,2025-07-11 16:39:00
-18.67263,-58.22203,NOAA-20,2025-07-11 16:39:00
-18.67216,-58.21693,NOAA-20,2025-07-11 16:39:00
-18.67123,-58.20675,NOAA-20,2025-07-11 16:39:00
-18.64635,-58.31997,NOAA-20,2025-07-11 16:39:00
-18.64333,-58.31805,NOAA-20,2025-07-11 16:39:00
-18.63554,-58.20723,NOAA-20,2025-07-11 16:39:00
-18.62711,-58.27782,NOAA-20,2025-07-11 16:39:00
-18.6245,-58.22356,NOAA-20,2025-07-11 16:39:00
-18.62358,-58.28032,NOAA-20,2025-07-11 16:39:00
-18.62215,-58.22158,NOAA-20,2025-07-11 16:39:00
-18.60291,-58.29046,NOAA-20,2025-07-11 16:39:00
-18.59801,-58.27744,NOAA-20,2025-07-11 16:39:00
-18.56773,-58.57663,NOAA-20,2025-07-11 16:41:00
-18.56551,-58.57751,NOAA-20,2025-07-11 16:41:00
-20.62241,-58.45251,NOAA-20,2025-07-11 16:39:00
-20.62169,-58.45278,NOAA-20,2025-07-11 16:39:00
-20.6211,-58.43563,NOAA-20,2025-07-11 16:39:00
-20.62066,-58.43001,NOAA-20,2025-07-11 16:39:00
-20.62027,-58.43592,NOAA-20,2025-07-11 16:39:00
-19.69471,-58.72278,NOAA-20,2025-07-11 16:39:00
-19.69427,-58.72122,NOAA-20,2025-07-11 16:39:00
-19.68821,-58.7235,NOAA-20,2025-07-11 16:39:00
-19.68777,-58.72195,NOAA-20,2025-07-11 16:39:00
-19.68773,-58.71783,NOAA-20,2025-07-11 16:39:00
-23.68165,-58.6884,NOAA-20,2025-07-11 16:39:00
-23.67937,-58.68956,NOAA-20,2025-07-11 16:39:00
-25.80035,-59.71026,NOAA-20,2025-07-11 16:39:00
-25.79882,-59.70932,NOAA-20,2025-07-11 16:39:00
-27.61417,-59.34206,NOAA-20,2025-07-11 16:37:00
-13.61491,-45.23106,NOAA-20,2025-07-11 16:41:00
-16.31566,-59.55652,NOAA-20,2025-07-11 16:41:00
-16.31423,-59.55661,NOAA-20,2025-07-11 16:41:00
-16.31372,-59.55101,NOAA-20,2025-07-11 16:41:00
-16.30906,-59.55711,NOAA-20,2025-07-11 16:41:00
-18.54361,-58.59519,NOAA-20,2025-07-11 16:41:00
-18.53561,-58.60187,NOAA-20,2025-07-11 16:41:00
-18.08699,-59.63031,NOAA-20,2025-07-11 16:41:00
-18.08649,-59.62418,NOAA-20,2025-07-11 16:41:00
-18.08475,-59.63142,NOAA-20,2025-07-11 16:41:00
-18.08421,-59.6253,NOAA-20,2025-07-11 16:41:00
-18.08289,-59.58042,NOAA-20,2025-07-11 16:41:00
-18.08034,-59.58167,NOAA-20,2025-07-11 16:41:00
-18.07979,-59.57536,NOAA-20,2025-07-11 16:41:00
-18.05665,-59.62132,NOAA-20,2025-07-11 16:41:00
-18.05045,-59.62817,NOAA-20,2025-07-11 16:41:00
-18.04991,-59.62193,NOAA-20,2025-07-11 16:41:00
-20.51448,-60.37212,NOAA-20,2025-07-11 16:39:00
-20.51395,-60.36464,NOAA-20,2025-07-11 16:39:00
-20.50675,-60.36518,NOAA-20,2025-07-11 16:39:00
-19.82557,-59.97776,NOAA-20,2025-07-11 16:39:00
-19.82024,-59.97858,NOAA-20,2025-07-11 16:39:00
-19.81856,-59.97826,NOAA-20,2025-07-11 16:39:00
-21.45258,-60.31304,NOAA-20,2025-07-11 16:39:00
-21.45206,-60.30542,NOAA-20,2025-07-11 16:39:00
-21.44535,-60.31362,NOAA-20,2025-07-11 16:39:00
-21.44484,-60.30598,NOAA-20,2025-07-11 16:39:00
-16.36868,-60.24208,NOAA-20,2025-07-11 16:41:00
-16.36836,-60.24775,NOAA-20,2025-07-11 16:41:00
-16.36812,-60.23568,NOAA-20,2025-07-11 16:41:00
-16.36775,-60.24119,NOAA-20,2025-07-11 16:41:00
-16.36715,-60.23484,NOAA-20,2025-07-11 16:41:00
-16.36182,-60.24286,NOAA-20,2025-07-11 16:41:00
-16.36126,-60.23642,NOAA-20,2025-07-11 16:41:00
-16.36089,-60.24195,NOAA-20,2025-07-11 16:41:00
-16.36028,-60.23553,NOAA-20,2025-07-11 16:41:00
-16.35404,-60.24285,NOAA-20,2025-07-11 16:41:00
-16.35341,-60.23618,NOAA-20,2025-07-11 16:41:00
-16.3478,-60.25028,NOAA-20,2025-07-11 16:41:00
-16.34716,-60.24343,NOAA-20,2025-07-11 16:41:00
-16.34654,-60.2368,NOAA-20,2025-07-11 16:41:00
-16.34597,-60.2306,NOAA-20,2025-07-11 16:41:00
-16.3403,-60.24426,NOAA-20,2025-07-11 16:41:00
-16.33969,-60.2376,NOAA-20,2025-07-11 16:41:00
-16.33345,-60.24508,NOAA-20,2025-07-11 16:41:00
-16.33284,-60.23844,NOAA-20,2025-07-11 16:41:00
-16.29971,-60.25515,NOAA-20,2025-07-11 16:41:00
-16.29934,-60.25615,NOAA-20,2025-07-11 16:41:00
-16.28538,-60.2499,NOAA-20,2025-07-11 16:41:00
-16.28497,-60.25087,NOAA-20,2025-07-11 16:41:00
-16.27166,-60.25153,NOAA-20,2025-07-11 16:41:00
-16.27127,-60.25247,NOAA-20,2025-07-11 16:41:00
-16.27109,-60.245,NOAA-20,2025-07-11 16:41:00
-16.27064,-60.24591,NOAA-20,2025-07-11 16:41:00
-16.11685,-60.39218,NOAA-20,2025-07-11 16:41:00
-16.11457,-60.36689,NOAA-20,2025-07-11 16:41:00
-16.11446,-60.36595,NOAA-20,2025-07-11 16:41:00
-16.09889,-60.34777,NOAA-20,2025-07-11 16:41:00
-16.09888,-60.3487,NOAA-20,2025-07-11 16:41:00
-16.09579,-60.38879,NOAA-20,2025-07-11 16:41:00
-16.09555,-60.38797,NOAA-20,2025-07-11 16:41:00
-16.06631,-60.37197,NOAA-20,2025-07-11 16:41:00
-16.06619,-60.37122,NOAA-20,2025-07-11 16:41:00
-16.06569,-60.36548,NOAA-20,2025-07-11 16:41:00
-16.06562,-60.36473,NOAA-20,2025-07-11 16:41:00
-16.05496,-60.39942,NOAA-20,2025-07-11 16:41:00
-16.03007,-60.50831,NOAA-20,2025-07-11 16:41:00
-16.02947,-60.50174,NOAA-20,2025-07-11 16:41:00
-15.59585,-60.48712,NOAA-20,2025-07-11 16:41:00
-15.59559,-60.48641,NOAA-20,2025-07-11 16:41:00
-17.67617,-60.05732,NOAA-20,2025-07-11 16:41:00
-17.65846,-60.01277,NOAA-20,2025-07-11 16:41:00
-17.41854,-60.0555,NOAA-20,2025-07-11 16:41:00
-17.41822,-60.061,NOAA-20,2025-07-11 16:41:00
-17.41764,-60.05468,NOAA-20,2025-07-11 16:41:00
-17.23459,-60.18549,NOAA-20,2025-07-11 16:41:00
-17.23429,-60.18475,NOAA-20,2025-07-11 16:41:00
-17.15719,-60.25866,NOAA-20,2025-07-11 16:41:00
-18.24907,-60.32655,NOAA-20,2025-07-11 16:41:00
-18.2485,-60.31978,NOAA-20,2025-07-11 16:41:00
-18.24688,-60.32138,NOAA-20,2025-07-11 16:41:00
-14.00254,-61.57702,NOAA-20,2025-07-11 16:41:00
-13.99743,-61.57569,NOAA-20,2025-07-11 16:41:00
7.39068,-61.83628,NOAA-20,2025-07-11 16:48:00
7.39014,-61.83487,NOAA-20,2025-07-11 16:48:00
-6.97458,-42.87776,NOAA-20,2025-07-11 16:43:00
-13.61775,-45.22661,NOAA-20,2025-07-11 16:41:00
-12.03001,-38.56104,NOAA-20,2025-07-11 16:41:00
-12.84391,-39.1178,NOAA-20,2025-07-11 16:41:00
-15.22189,-40.16299,NOAA-20,2025-07-11 16:41:00
-19.32137,-40.7333,NOAA-20,2025-07-11 16:39:00
-20.24357,-41.59469,NOAA-20,2025-07-11 16:39:00
-5.64936,-39.77916,NOAA-20,2025-07-11 16:43:00
-5.64824,-39.77912,NOAA-20,2025-07-11 16:43:00
-10.34059,-39.91611,NOAA-20,2025-07-11 16:41:00
-10.33954,-39.91038,NOAA-20,2025-07-11 16:41:00
-10.33562,-39.91702,NOAA-20,2025-07-11 16:41:00
-10.33457,-39.91131,NOAA-20,2025-07-11 16:41:00
-22.71528,-43.72429,NOAA-20,2025-07-11 16:39:00
-22.62707,-43.71688,NOAA-20,2025-07-11 16:39:00
-2.99223,-40.13141,NOAA-20,2025-07-11 16:43:00
-5.52735,-40.75012,NOAA-20,2025-07-11 16:43:00
-5.52683,-40.74708,NOAA-20,2025-07-11 16:43:00
-5.52631,-40.74405,NOAA-20,2025-07-11 16:43:00
-5.52275,-40.75394,NOAA-20,2025-07-11 16:43:00
-5.52223,-40.75093,NOAA-20,2025-07-11 16:43:00
-5.52172,-40.74792,NOAA-20,2025-07-11 16:43:00
-6.6522,-41.99793,NOAA-20,2025-07-11 16:43:00
-6.65141,-41.99314,NOAA-20,2025-07-11 16:43:00
-6.6468,-41.99395,NOAA-20,2025-07-11 16:43:00
-11.50527,-41.58447,NOAA-20,2025-07-11 16:41:00
-13.07316,-42.10265,NOAA-20,2025-07-11 16:41:00
-13.00065,-42.73991,NOAA-20,2025-07-11 16:41:00
-13.61699,-43.56681,NOAA-20,2025-07-11 16:41:00
-15.4055,-42.91772,NOAA-20,2025-07-11 16:41:00
-18.03997,-43.37516,NOAA-20,2025-07-11 16:39:00
-19.10314,-44.58983,NOAA-20,2025-07-11 16:39:00
-19.92096,-44.70827,NOAA-20,2025-07-11 16:39:00
-19.72811,-43.81872,NOAA-20,2025-07-11 16:39:00
-19.42915,-44.76129,NOAA-20,2025-07-11 16:39:00
-22.43111,-44.39721,NOAA-20,2025-07-11 16:39:00
-22.49684,-44.06323,NOAA-20,2025-07-11 16:39:00
-23.29337,-45.6853,NOAA-20,2025-07-11 16:39:00
-3.12409,-42.68137,NOAA-20,2025-07-11 16:43:00
-3.12154,-42.67842,NOAA-20,2025-07-11 16:43:00
-4.67544,-42.25809,NOAA-20,2025-07-11 16:43:00
-4.38902,-41.90955,NOAA-20,2025-07-11 16:43:00
-3.9457,-42.17047,NOAA-20,2025-07-11 16:43:00
-4.9138,-42.80089,NOAA-20,2025-07-11 16:43:00
-4.84216,-43.18739,NOAA-20,2025-07-11 16:43:00
-4.60973,-42.89633,NOAA-20,2025-07-11 16:43:00
-6.12454,-42.5358,NOAA-20,2025-07-11 16:43:00
-6.12381,-42.53128,NOAA-20,2025-07-11 16:43:00
-6.12309,-42.52683,NOAA-20,2025-07-11 16:43:00
-6.12293,-42.513,NOAA-20,2025-07-11 16:43:00
-6.12221,-42.53585,NOAA-20,2025-07-11 16:43:00
-6.44787,-43.02079,NOAA-20,2025-07-11 16:43:00
-6.22505,-42.95755,NOAA-20,2025-07-11 16:43:00
-5.54178,-43.2205,NOAA-20,2025-07-11 16:43:00
-5.08219,-42.7341,NOAA-20,2025-07-11 16:43:00
-7.1953,-42.98019,NOAA-20,2025-07-11 16:43:00
-7.19103,-42.98089,NOAA-20,2025-07-11 16:43:00
-7.18676,-42.98158,NOAA-20,2025-07-11 16:43:00
-7.18608,-42.97759,NOAA-20,2025-07-11 16:43:00
-7.08031,-43.4082,NOAA-20,2025-07-11 16:43:00
-7.051,-43.28308,NOAA-20,2025-07-11 16:43:00
-7.03549,-43.29342,NOAA-20,2025-07-11 16:43:00
-7.03484,-43.28959,NOAA-20,2025-07-11 16:43:00
-7.03128,-43.29406,NOAA-20,2025-07-11 16:43:00
-6.97873,-42.79625,NOAA-20,2025-07-11 16:43:00
-6.85735,-42.77193,NOAA-20,2025-07-11 16:43:00
-6.85359,-42.80284,NOAA-20,2025-07-11 16:43:00
-6.84567,-42.78236,NOAA-20,2025-07-11 16:43:00
-6.84379,-42.87691,NOAA-20,2025-07-11 16:43:00
-6.78274,-42.91999,NOAA-20,2025-07-11 16:43:00
-6.78206,-42.91592,NOAA-20,2025-07-11 16:43:00
-6.65111,-43.19604,NOAA-20,2025-07-11 16:43:00
-6.63045,-43.36104,NOAA-20,2025-07-11 16:43:00
-6.71744,-43.12706,NOAA-20,2025-07-11 16:43:00
-6.70985,-43.10762,NOAA-20,2025-07-11 16:43:00
-6.6166,-43.01102,NOAA-20,2025-07-11 16:43:00
-6.5307,-43.54303,NOAA-20,2025-07-11 16:43:00
-6.52136,-43.33107,NOAA-20,2025-07-11 16:43:00
-6.5129,-43.33231,NOAA-20,2025-07-11 16:43:00
-6.50934,-43.33691,NOAA-20,2025-07-11 16:43:00
-6.50769,-43.35307,NOAA-20,2025-07-11 16:43:00
-13.22644,-44.97367,NOAA-20,2025-07-11 16:41:00
-13.22229,-44.97024,NOAA-20,2025-07-11 16:41:00
-12.99271,-44.87177,NOAA-20,2025-07-11 16:41:00
-12.56375,-44.73325,NOAA-20,2025-07-11 16:41:00
-12.56131,-44.73321,NOAA-20,2025-07-11 16:41:00
-12.471,-44.49494,NOAA-20,2025-07-11 16:41:00
-13.88114,-44.45652,NOAA-20,2025-07-11 16:41:00
-17.91921,-45.56075,NOAA-20,2025-07-11 16:39:00
-18.2301,-45.63511,NOAA-20,2025-07-11 16:39:00
-18.90378,-44.78832,NOAA-20,2025-07-11 16:39:00
-22.22477,-46.96641,NOAA-20,2025-07-11 16:39:00
-21.12351,-45.92731,NOAA-20,2025-07-11 16:39:00
-22.42409,-46.79847,NOAA-20,2025-07-11 16:39:00
-22.99307,-46.79363,NOAA-20,2025-07-11 16:39:00
-3.46249,-43.32581,NOAA-20,2025-07-11 16:43:00
-3.46012,-43.81455,NOAA-20,2025-07-11 16:43:00
-3.43515,-43.28924,NOAA-20,2025-07-11 16:43:00
-3.41065,-43.36456,NOAA-20,2025-07-11 16:43:00
-3.40692,-43.36959,NOAA-20,2025-07-11 16:43:00
-3.39068,-43.12304,NOAA-20,2025-07-11 16:43:00
-3.3869,-43.1283,NOAA-20,2025-07-11 16:43:00
-3.38618,-43.12376,NOAA-20,2025-07-11 16:43:00
-3.38546,-43.11923,NOAA-20,2025-07-11 16:43:00
-3.38096,-43.11997,NOAA-20,2025-07-11 16:43:00
-3.30305,-43.33953,NOAA-20,2025-07-11 16:43:00
-3.28373,-43.18871,NOAA-20,2025-07-11 16:43:00
-3.23338,-43.35931,NOAA-20,2025-07-11 16:43:00
-3.13657,-43.40048,NOAA-20,2025-07-11 16:43:00
-3.42553,-44.40913,NOAA-20,2025-07-11 16:43:00
-3.42493,-44.40544,NOAA-20,2025-07-11 16:43:00
-3.18978,-44.15541,NOAA-20,2025-07-11 16:43:00
-4.85855,-43.2323,NOAA-20,2025-07-11 16:43:00
-4.85786,-43.22813,NOAA-20,2025-07-11 16:43:00
-4.8535,-43.22883,NOAA-20,2025-07-11 16:43:00
-4.68602,-43.25405,NOAA-20,2025-07-11 16:43:00
-4.68533,-43.24982,NOAA-20,2025-07-11 16:43:00
-4.50902,-43.68831,NOAA-20,2025-07-11 16:43:00
-3.9981,-43.23721,NOAA-20,2025-07-11 16:43:00
-3.99739,-43.23283,NOAA-20,2025-07-11 16:43:00
-3.97865,-43.28436,NOAA-20,2025-07-11 16:43:00
-3.97503,-43.28817,NOAA-20,2025-07-11 16:43:00
-3.97435,-43.28384,NOAA-20,2025-07-11 16:43:00
-3.97424,-43.28505,NOAA-20,2025-07-11 16:43:00
-3.69623,-43.57658,NOAA-20,2025-07-11 16:43:00
-3.69313,-43.57736,NOAA-20,2025-07-11 16:43:00
-5.78294,-43.60891,NOAA-20,2025-07-11 16:43:00
-5.7813,-43.62497,NOAA-20,2025-07-11 16:43:00
-5.77711,-43.62561,NOAA-20,2025-07-11 16:43:00
-5.77648,-43.62181,NOAA-20,2025-07-11 16:43:00
-5.70758,-43.65335,NOAA-20,2025-07-11 16:43:00
-5.7034,-43.65403,NOAA-20,2025-07-11 16:43:00
-5.95348,-44.32174,NOAA-20,2025-07-11 16:43:00
-5.81194,-44.03724,NOAA-20,2025-07-11 16:43:00
-5.62747,-44.26511,NOAA-20,2025-07-11 16:43:00
-5.42585,-44.63969,NOAA-20,2025-07-11 16:43:00
-6.08543,-44.86504,NOAA-20,2025-07-11 16:43:00
-6.08236,-44.87046,NOAA-20,2025-07-11 16:43:00
-6.08157,-44.86562,NOAA-20,2025-07-11 16:43:00
-5.85235,-44.83966,NOAA-20,2025-07-11 16:43:00
-5.85083,-44.83811,NOAA-20,2025-07-11 16:43:00
-6.36939,-43.64713,NOAA-20,2025-07-11 16:43:00
-6.37049,-44.89688,NOAA-20,2025-07-11 16:43:00
-6.30157,-44.85949,NOAA-20,2025-07-11 16:43:00
-6.29463,-44.86524,NOAA-20,2025-07-11 16:43:00
-6.44627,-43.81356,NOAA-20,2025-07-11 16:43:00
-6.44566,-43.80994,NOAA-20,2025-07-11 16:43:00
-6.44217,-43.81419,NOAA-20,2025-07-11 16:43:00
-6.14217,-43.96726,NOAA-20,2025-07-11 16:43:00
-6.14463,-44.11093,NOAA-20,2025-07-11 16:43:00
-6.14351,-44.10398,NOAA-20,2025-07-11 16:43:00
-6.14115,-44.11503,NOAA-20,2025-07-11 16:43:00
-6.13943,-44.10432,NOAA-20,2025-07-11 16:43:00
-7.6366,-45.35282,NOAA-20,2025-07-11 16:43:00
-7.62557,-45.35436,NOAA-20,2025-07-11 16:43:00
-7.62259,-45.35926,NOAA-20,2025-07-11 16:43:00
-7.6219,-45.35492,NOAA-20,2025-07-11 16:43:00
-7.61891,-45.35978,NOAA-20,2025-07-11 16:43:00
-7.58782,-45.21323,NOAA-20,2025-07-11 16:43:00
-7.56658,-45.29239,NOAA-20,2025-07-11 16:43:00
-7.56292,-45.29309,NOAA-20,2025-07-11 16:43:00
-7.55926,-45.29381,NOAA-20,2025-07-11 16:43:00
-7.54123,-45.20669,NOAA-20,2025-07-11 16:43:00
-6.99194,-44.93181,NOAA-20,2025-07-11 16:43:00
-6.63383,-45.01819,NOAA-20,2025-07-11 16:43:00
-6.63363,-45.01646,NOAA-20,2025-07-11 16:43:00
-6.63003,-45.01873,NOAA-20,2025-07-11 16:43:00
-6.62983,-45.01698,NOAA-20,2025-07-11 16:43:00
-6.59471,-44.89374,NOAA-20,2025-07-11 16:43:00
-6.59398,-44.88913,NOAA-20,2025-07-11 16:43:00
-6.5909,-44.89439,NOAA-20,2025-07-11 16:43:00
-6.59016,-44.88969,NOAA-20,2025-07-11 16:43:00
-6.57948,-44.89635,NOAA-20,2025-07-11 16:43:00
-6.4741,-45.03666,NOAA-20,2025-07-11 16:43:00
-6.47106,-45.04193,NOAA-20,2025-07-11 16:43:00
-6.4703,-45.03718,NOAA-20,2025-07-11 16:43:00
-6.46955,-45.03254,NOAA-20,2025-07-11 16:43:00
-6.46728,-45.04256,NOAA-20,2025-07-11 16:43:00
-6.46651,-45.03781,NOAA-20,2025-07-11 16:43:00
-6.46425,-45.04785,NOAA-20,2025-07-11 16:43:00
-6.46349,-45.04319,NOAA-20,2025-07-11 16:43:00
-6.46273,-45.03846,NOAA-20,2025-07-11 16:43:00
-6.46119,-45.05294,NOAA-20,2025-07-11 16:43:00
-6.46046,-45.04841,NOAA-20,2025-07-11 16:43:00
-6.45971,-45.04381,NOAA-20,2025-07-11 16:43:00
-6.45139,-45.0404,NOAA-20,2025-07-11 16:43:00
-6.44985,-45.03096,NOAA-20,2025-07-11 16:43:00
-6.44835,-45.0456,NOAA-20,2025-07-11 16:43:00
-6.44684,-45.03632,NOAA-20,2025-07-11 16:43:00
-6.44606,-45.03152,NOAA-20,2025-07-11 16:43:00
-6.4438,-45.04157,NOAA-20,2025-07-11 16:43:00
-6.44305,-45.03692,NOAA-20,2025-07-11 16:43:00
-6.44076,-45.04676,NOAA-20,2025-07-11 16:43:00
-6.44001,-45.04215,NOAA-20,2025-07-11 16:43:00
-7.69103,-44.3641,NOAA-20,2025-07-11 16:43:00
-7.69023,-44.3592,NOAA-20,2025-07-11 16:43:00
-7.68944,-44.35427,NOAA-20,2025-07-11 16:43:00
-7.68862,-44.34925,NOAA-20,2025-07-11 16:43:00
-7.67714,-44.64134,NOAA-20,2025-07-11 16:43:00
-7.66653,-44.64813,NOAA-20,2025-07-11 16:43:00
-7.48839,-43.93621,NOAA-20,2025-07-11 16:43:00
-7.22855,-44.01038,NOAA-20,2025-07-11 16:43:00
-7.22618,-44.00972,NOAA-20,2025-07-11 16:43:00
-7.2256,-44.00629,NOAA-20,2025-07-11 16:43:00
-7.13891,-44.01366,NOAA-20,2025-07-11 16:43:00
-7.11031,-44.05136,NOAA-20,2025-07-11 16:43:00
-7.10758,-44.0598,NOAA-20,2025-07-11 16:43:00
-7.10689,-44.05551,NOAA-20,2025-07-11 16:43:00
-7.10359,-44.0604,NOAA-20,2025-07-11 16:43:00
-7.10234,-44.0527,NOAA-20,2025-07-11 16:43:00
-7.0129,-44.04256,NOAA-20,2025-07-11 16:43:00
-6.7193,-43.90005,NOAA-20,2025-07-11 16:43:00
-6.69773,-43.87025,NOAA-20,2025-07-11 16:43:00
-6.69335,-43.91913,NOAA-20,2025-07-11 16:43:00
-6.69276,-43.9156,NOAA-20,2025-07-11 16:43:00
-6.69048,-43.92687,NOAA-20,2025-07-11 16:43:00
-6.6893,-43.91978,NOAA-20,2025-07-11 16:43:00
-6.68526,-43.92045,NOAA-20,2025-07-11 16:43:00
-6.60838,-43.88547,NOAA-20,2025-07-11 16:43:00
-7.28883,-44.63364,NOAA-20,2025-07-11 16:43:00
-7.08227,-44.37524,NOAA-20,2025-07-11 16:43:00
-7.02064,-44.34203,NOAA-20,2025-07-11 16:43:00
-7.00798,-44.43647,NOAA-20,2025-07-11 16:43:00
-7.00713,-44.43128,NOAA-20,2025-07-11 16:43:00
-7.00238,-44.42673,NOAA-20,2025-07-11 16:43:00
-6.98706,-44.45516,NOAA-20,2025-07-11 16:43:00
-6.97763,-44.34967,NOAA-20,2025-07-11 16:43:00
-6.83189,-44.29102,NOAA-20,2025-07-11 16:43:00
-6.83051,-44.28826,NOAA-20,2025-07-11 16:43:00
-6.72186,-44.04131,NOAA-20,2025-07-11 16:43:00
-6.72128,-44.0378,NOAA-20,2025-07-11 16:43:00
-6.71728,-44.03849,NOAA-20,2025-07-11 16:43:00
-12.98724,-46.26872,NOAA-20,2025-07-11 16:41:00
-6.70396,-44.34631,NOAA-20,2025-07-11 16:43:00
-6.70383,-44.32046,NOAA-20,2025-07-11 16:43:00
-9.2436,-45.67505,NOAA-20,2025-07-11 16:43:00
-9.24295,-45.67103,NOAA-20,2025-07-11 16:43:00
-9.2423,-45.66702,NOAA-20,2025-07-11 16:43:00
-8.88776,-44.96092,NOAA-20,2025-07-11 16:43:00
-8.54076,-45.41452,NOAA-20,2025-07-11 16:43:00
-10.86076,-44.61485,NOAA-20,2025-07-11 16:41:00
-10.65208,-44.4821,NOAA-20,2025-07-11 16:41:00
-10.64839,-44.48271,NOAA-20,2025-07-11 16:41:00
-10.62793,-45.23129,NOAA-20,2025-07-11 16:41:00
-10.58703,-44.77325,NOAA-20,2025-07-11 16:41:00
-10.49563,-44.85704,NOAA-20,2025-07-11 16:43:00
-11.90627,-44.89402,NOAA-20,2025-07-11 16:41:00
-11.90342,-44.899,NOAA-20,2025-07-11 16:41:00
-11.81156,-45.72466,NOAA-20,2025-07-11 16:41:00
-11.80811,-45.72523,NOAA-20,2025-07-11 16:41:00
-11.78069,-45.21501,NOAA-20,2025-07-11 16:41:00
-11.43967,-45.10135,NOAA-20,2025-07-11 16:41:00
-10.95636,-45.92305,NOAA-20,2025-07-11 16:41:00
-13.02263,-46.27462,NOAA-20,2025-07-11 16:41:00
-13.00473,-46.31443,NOAA-20,2025-07-11 16:41:00
-13.00297,-46.28114,NOAA-20,2025-07-11 16:41:00
-13.00184,-46.27391,NOAA-20,2025-07-11 16:41:00
-12.99859,-46.3192,NOAA-20,2025-07-11 16:41:00
-12.9979,-46.27077,NOAA-20,2025-07-11 16:41:00
-12.99453,-46.27128,NOAA-20,2025-07-11 16:41:00
-12.99301,-46.32758,NOAA-20,2025-07-11 16:41:00
-12.99117,-46.27182,NOAA-20,2025-07-11 16:41:00
-12.98965,-46.32812,NOAA-20,2025-07-11 16:41:00
-12.98952,-46.28331,NOAA-20,2025-07-11 16:41:00
-12.98781,-46.27237,NOAA-20,2025-07-11 16:41:00
-13.61614,-45.23878,NOAA-20,2025-07-11 16:41:00
-13.61516,-45.25486,NOAA-20,2025-07-11 16:41:00
-13.61454,-45.25098,NOAA-20,2025-07-11 16:41:00
-12.41911,-45.35855,NOAA-20,2025-07-11 16:41:00
-12.41849,-45.35466,NOAA-20,2025-07-11 16:41:00
-12.41564,-45.35914,NOAA-20,2025-07-11 16:41:00
-12.41501,-45.35525,NOAA-20,2025-07-11 16:41:00
-12.41439,-45.35134,NOAA-20,2025-07-11 16:41:00
-12.41376,-45.34743,NOAA-20,2025-07-11 16:41:00
-12.41216,-45.35973,NOAA-20,2025-07-11 16:41:00
-12.41154,-45.35583,NOAA-20,2025-07-11 16:41:00
-12.40744,-45.35251,NOAA-20,2025-07-11 16:41:00
-14.7499,-46.29762,NOAA-20,2025-07-11 16:41:00
-13.86433,-45.87291,NOAA-20,2025-07-11 16:41:00
-13.84286,-45.86874,NOAA-20,2025-07-11 16:41:00
-15.37767,-46.87249,NOAA-20,2025-07-11 16:41:00
-15.51489,-45.91801,NOAA-20,2025-07-11 16:41:00
-15.51154,-45.91857,NOAA-20,2025-07-11 16:41:00
-17.10905,-46.99955,NOAA-20,2025-07-11 16:41:00
-19.27308,-46.8083,NOAA-20,2025-07-11 16:39:00
-21.68578,-47.47414,NOAA-20,2025-07-11 16:39:00
-22.59024,-47.92414,NOAA-20,2025-07-11 16:39:00
-22.50097,-47.19157,NOAA-20,2025-07-11 16:39:00
-24.26883,-49.04503,NOAA-20,2025-07-11 16:39:00
-24.26504,-49.04544,NOAA-20,2025-07-11 16:39:00
-26.8778,-49.74266,NOAA-20,2025-07-11 16:37:00
-28.89352,-50.20903,NOAA-20,2025-07-11 16:37:00
-3.35039,-44.61555,NOAA-20,2025-07-11 16:43:00
-3.65004,-45.00733,NOAA-20,2025-07-11 16:43:00
-5.06009,-45.11173,NOAA-20,2025-07-11 16:43:00
-4.88329,-44.95901,NOAA-20,2025-07-11 16:43:00
-4.8825,-44.95419,NOAA-20,2025-07-11 16:43:00
-4.88233,-44.95763,NOAA-20,2025-07-11 16:43:00
-4.3756,-44.7489,NOAA-20,2025-07-11 16:43:00
-6.48234,-45.25513,NOAA-20,2025-07-11 16:43:00
-6.47936,-45.26046,NOAA-20,2025-07-11 16:43:00
-6.47861,-45.25583,NOAA-20,2025-07-11 16:43:00
-6.47563,-45.26109,NOAA-20,2025-07-11 16:43:00
-6.15928,-45.89938,NOAA-20,2025-07-11 16:43:00
-6.15886,-45.87347,NOAA-20,2025-07-11 16:43:00
-6.15861,-45.89519,NOAA-20,2025-07-11 16:43:00
-6.15818,-45.86922,NOAA-20,2025-07-11 16:43:00
-6.1543,-45.89153,NOAA-20,2025-07-11 16:43:00
-6.15403,-45.9131,NOAA-20,2025-07-11 16:43:00
-6.15362,-45.88729,NOAA-20,2025-07-11 16:43:00
-6.15337,-45.90892,NOAA-20,2025-07-11 16:43:00
-6.1527,-45.90474,NOAA-20,2025-07-11 16:43:00
-6.1524,-45.92608,NOAA-20,2025-07-11 16:43:00
-6.15173,-45.92194,NOAA-20,2025-07-11 16:43:00
-6.15107,-45.91779,NOAA-20,2025-07-11 16:43:00
-6.14944,-45.93081,NOAA-20,2025-07-11 16:43:00
-6.14878,-45.92666,NOAA-20,2025-07-11 16:43:00
-6.14811,-45.9225,NOAA-20,2025-07-11 16:43:00
-6.14716,-45.93972,NOAA-20,2025-07-11 16:43:00
-6.14649,-45.93557,NOAA-20,2025-07-11 16:43:00
-6.14488,-45.94863,NOAA-20,2025-07-11 16:43:00
-6.14421,-45.94445,NOAA-20,2025-07-11 16:43:00
-6.14193,-45.95337,NOAA-20,2025-07-11 16:43:00
-6.14126,-45.94921,NOAA-20,2025-07-11 16:43:00
-6.13831,-45.95393,NOAA-20,2025-07-11 16:43:00
-6.13697,-45.94563,NOAA-20,2025-07-11 16:43:00
-6.1363,-45.94146,NOAA-20,2025-07-11 16:43:00
-6.13495,-45.93306,NOAA-20,2025-07-11 16:43:00
-6.13469,-45.95448,NOAA-20,2025-07-11 16:43:00
-6.13403,-45.30554,NOAA-20,2025-07-11 16:43:00
-6.13402,-45.95032,NOAA-20,2025-07-11 16:43:00
-6.1336,-45.95441,NOAA-20,2025-07-11 16:43:00
-6.13335,-45.94615,NOAA-20,2025-07-11 16:43:00
-6.13307,-45.30458,NOAA-20,2025-07-11 16:43:00
-6.13295,-45.95024,NOAA-20,2025-07-11 16:43:00
-6.13231,-45.94607,NOAA-20,2025-07-11 16:43:00
-6.12707,-45.86109,NOAA-20,2025-07-11 16:43:00
-6.12343,-45.86165,NOAA-20,2025-07-11 16:43:00
-6.09698,-45.79118,NOAA-20,2025-07-11 16:43:00
-5.81804,-46.11258,NOAA-20,2025-07-11 16:43:00
-5.8174,-46.10844,NOAA-20,2025-07-11 16:43:00
-5.62146,-46.24368,NOAA-20,2025-07-11 16:43:00
-5.60718,-45.16455,NOAA-20,2025-07-11 16:43:00
-5.60413,-45.16984,NOAA-20,2025-07-11 16:43:00
-5.60033,-45.17043,NOAA-20,2025-07-11 16:43:00
-5.59803,-45.18036,NOAA-20,2025-07-11 16:43:00
-7.65098,-45.37234,NOAA-20,2025-07-11 16:43:00
-7.6196,-45.36407,NOAA-20,2025-07-11 16:43:00
-7.9718,-45.93694,NOAA-20,2025-07-11 16:43:00
-7.64826,-46.02028,NOAA-20,2025-07-11 16:43:00
-7.64763,-46.01626,NOAA-20,2025-07-11 16:43:00
-7.64596,-46.02881,NOAA-20,2025-07-11 16:43:00
-7.64534,-46.02483,NOAA-20,2025-07-11 16:43:00
-7.6328,-46.01443,NOAA-20,2025-07-11 16:43:00
-7.62988,-46.01897,NOAA-20,2025-07-11 16:43:00
-7.62925,-46.01498,NOAA-20,2025-07-11 16:43:00
-7.62696,-46.02352,NOAA-20,2025-07-11 16:43:00
-7.62633,-46.01952,NOAA-20,2025-07-11 16:43:00
-7.62468,-46.03209,NOAA-20,2025-07-11 16:43:00
-7.58536,-46.31107,NOAA-20,2025-07-11 16:43:00
-7.58436,-46.25864,NOAA-20,2025-07-11 16:43:00
-7.58085,-46.25917,NOAA-20,2025-07-11 16:43:00
-7.54591,-46.22017,NOAA-20,2025-07-11 16:43:00
-7.54239,-46.22073,NOAA-20,2025-07-11 16:43:00
-7.53516,-46.08308,NOAA-20,2025-07-11 16:43:00
-7.53264,-46.06705,NOAA-20,2025-07-11 16:43:00
-7.35586,-45.68238,NOAA-20,2025-07-11 16:43:00
-7.35519,-45.67819,NOAA-20,2025-07-11 16:43:00
-7.35224,-45.68296,NOAA-20,2025-07-11 16:43:00
-7.35158,-45.67879,NOAA-20,2025-07-11 16:43:00
-7.00178,-45.62006,NOAA-20,2025-07-11 16:43:00
-6.94578,-45.43515,NOAA-20,2025-07-11 16:43:00
-6.90774,-45.66479,NOAA-20,2025-07-11 16:43:00
-6.9046,-46.35291,NOAA-20,2025-07-11 16:43:00
-6.62104,-45.37135,NOAA-20,2025-07-11 16:43:00
-8.38554,-45.67646,NOAA-20,2025-07-11 16:43:00
-9.27796,-46.60836,NOAA-20,2025-07-11 16:43:00
-9.27736,-46.6046,NOAA-20,2025-07-11 16:43:00
-9.27029,-46.60568,NOAA-20,2025-07-11 16:43:00
-8.11742,-46.2431,NOAA-20,2025-07-11 16:43:00
-8.11681,-46.23926,NOAA-20,2025-07-11 16:43:00
-8.11391,-46.2436,NOAA-20,2025-07-11 16:43:00
-8.11147,-46.22803,NOAA-20,2025-07-11 16:43:00
-8.10736,-46.22466,NOAA-20,2025-07-11 16:43:00
-8.10385,-46.22516,NOAA-20,2025-07-11 16:43:00
-8.10035,-46.22569,NOAA-20,2025-07-11 16:43:00
-8.04134,-46.47305,NOAA-20,2025-07-11 16:43:00
-8.03728,-46.46979,NOAA-20,2025-07-11 16:43:00
-9.15789,-47.00401,NOAA-20,2025-07-11 16:43:00
-9.15394,-47.0009,NOAA-20,2025-07-11 16:43:00
-9.15224,-46.99,NOAA-20,2025-07-11 16:43:00
-9.15167,-46.98636,NOAA-20,2025-07-11 16:43:00
-8.40066,-46.93515,NOAA-20,2025-07-11 16:43:00
-8.40008,-46.93143,NOAA-20,2025-07-11 16:43:00
-8.39725,-46.93562,NOAA-20,2025-07-11 16:43:00
-8.39609,-46.92821,NOAA-20,2025-07-11 16:43:00
-7.98703,-46.79913,NOAA-20,2025-07-11 16:43:00
-9.73212,-45.83007,NOAA-20,2025-07-11 16:43:00
-9.73149,-45.82614,NOAA-20,2025-07-11 16:43:00
-9.53733,-46.2969,NOAA-20,2025-07-11 16:43:00
-9.53673,-46.29307,NOAA-20,2025-07-11 16:43:00
-10.07357,-46.72082,NOAA-20,2025-07-11 16:43:00
-10.53114,-46.49206,NOAA-20,2025-07-11 16:43:00
-10.52891,-46.5,NOAA-20,2025-07-11 16:43:00
-10.52551,-46.50053,NOAA-20,2025-07-11 16:43:00
-10.5178,-46.76043,NOAA-20,2025-07-11 16:43:00
-10.51443,-46.76097,NOAA-20,2025-07-11 16:43:00
-10.51163,-46.76514,NOAA-20,2025-07-11 16:43:00
-10.50826,-46.76568,NOAA-20,2025-07-11 16:43:00
-10.23897,-46.79528,NOAA-20,2025-07-11 16:43:00
-10.23617,-46.79946,NOAA-20,2025-07-11 16:43:00
-10.23336,-46.80364,NOAA-20,2025-07-11 16:43:00
-10.64696,-47.47995,NOAA-20,2025-07-11 16:43:00
-10.64309,-47.47695,NOAA-20,2025-07-11 16:43:00
-10.57562,-47.47794,NOAA-20,2025-07-11 16:43:00
-13.35473,-47.79864,NOAA-20,2025-07-11 16:41:00
-10.57284,-47.48199,NOAA-20,2025-07-11 16:43:00
-11.42703,-46.39173,NOAA-20,2025-07-11 16:41:00
-11.42421,-46.39589,NOAA-20,2025-07-11 16:41:00
-11.42363,-46.39221,NOAA-20,2025-07-11 16:41:00
-11.42305,-46.38854,NOAA-20,2025-07-11 16:41:00
-11.42189,-46.38122,NOAA-20,2025-07-11 16:41:00
-11.42082,-46.39638,NOAA-20,2025-07-11 16:41:00
-11.41907,-46.38537,NOAA-20,2025-07-11 16:41:00
-11.41733,-46.3744,NOAA-20,2025-07-11 16:41:00
-11.41675,-46.37074,NOAA-20,2025-07-11 16:41:00
-11.41557,-46.3633,NOAA-20,2025-07-11 16:41:00
-11.41452,-46.37857,NOAA-20,2025-07-11 16:41:00
-11.41394,-46.3749,NOAA-20,2025-07-11 16:41:00
-11.41335,-46.37122,NOAA-20,2025-07-11 16:41:00
-11.41276,-46.36752,NOAA-20,2025-07-11 16:41:00
-11.41113,-46.37909,NOAA-20,2025-07-11 16:41:00
-12.25391,-46.68314,NOAA-20,2025-07-11 16:41:00
-11.94244,-46.35534,NOAA-20,2025-07-11 16:41:00
-11.85054,-46.74999,NOAA-20,2025-07-11 16:41:00
-11.79679,-46.64801,NOAA-20,2025-07-11 16:41:00
-10.91494,-46.77483,NOAA-20,2025-07-11 16:41:00
-11.84461,-47.50174,NOAA-20,2025-07-11 16:41:00
-11.47445,-47.30173,NOAA-20,2025-07-11 16:41:00
-11.47112,-47.30225,NOAA-20,2025-07-11 16:41:00
-12.47369,-46.91886,NOAA-20,2025-07-11 16:41:00
-12.47064,-46.91627,NOAA-20,2025-07-11 16:41:00
-13.3709,-47.88328,NOAA-20,2025-07-11 16:41:00
-13.36759,-47.8838,NOAA-20,2025-07-11 16:41:00
-13.36705,-47.88026,NOAA-20,2025-07-11 16:41:00
-13.36374,-47.88078,NOAA-20,2025-07-11 16:41:00
-13.36095,-47.88485,NOAA-20,2025-07-11 16:41:00
-13.3542,-47.7951,NOAA-20,2025-07-11 16:41:00
-13.35366,-47.79156,NOAA-20,2025-07-11 16:41:00
-13.35313,-47.78802,NOAA-20,2025-07-11 16:41:00
-13.35142,-47.79916,NOAA-20,2025-07-11 16:41:00
-13.35088,-47.79562,NOAA-20,2025-07-11 16:41:00
-13.35035,-47.79208,NOAA-20,2025-07-11 16:41:00
-13.34981,-47.78854,NOAA-20,2025-07-11 16:41:00
-13.35484,-47.77688,NOAA-20,2025-07-11 16:41:00
-13.17612,-47.29154,NOAA-20,2025-07-11 16:41:00
-13.15955,-47.29426,NOAA-20,2025-07-11 16:41:00
-13.15523,-47.26596,NOAA-20,2025-07-11 16:41:00
-13.15191,-47.2665,NOAA-20,2025-07-11 16:41:00
-13.15069,-47.30292,NOAA-20,2025-07-11 16:41:00
-13.13806,-47.28693,NOAA-20,2025-07-11 16:41:00
-13.13744,-47.30508,NOAA-20,2025-07-11 16:41:00
-13.13312,-47.27684,NOAA-20,2025-07-11 16:41:00
-13.13306,-47.29858,NOAA-20,2025-07-11 16:41:00
-13.13035,-47.2809,NOAA-20,2025-07-11 16:41:00
-13.12866,-47.29204,NOAA-20,2025-07-11 16:41:00
-13.12812,-47.28849,NOAA-20,2025-07-11 16:41:00
-13.12589,-47.29611,NOAA-20,2025-07-11 16:41:00
-13.03809,-47.87892,NOAA-20,2025-07-11 16:41:00
-13.0135,-47.82848,NOAA-20,2025-07-11 16:41:00
-13.01297,-47.82495,NOAA-20,2025-07-11 16:41:00
-12.62815,-47.43543,NOAA-20,2025-07-11 16:41:00
-12.62538,-47.43948,NOAA-20,2025-07-11 16:41:00
-12.62484,-47.43596,NOAA-20,2025-07-11 16:41:00
-13.94812,-46.75166,NOAA-20,2025-07-11 16:41:00
-15.06791,-47.6037,NOAA-20,2025-07-11 16:41:00
-16.12976,-48.12474,NOAA-20,2025-07-11 16:41:00
-15.96133,-47.4145,NOAA-20,2025-07-11 16:41:00
-15.9475,-47.413,NOAA-20,2025-07-11 16:41:00
-15.55774,-47.47986,NOAA-20,2025-07-11 16:41:00
-19.33922,-49.30893,NOAA-20,2025-07-11 16:39:00
-18.97942,-48.38047,NOAA-20,2025-07-11 16:39:00
-18.97887,-48.37648,NOAA-20,2025-07-11 16:39:00
-21.18089,-49.49349,NOAA-20,2025-07-11 16:39:00
-21.1789,-49.49142,NOAA-20,2025-07-11 16:39:00
-23.14189,-49.53181,NOAA-20,2025-07-11 16:39:00
-23.85925,-50.42474,NOAA-20,2025-07-11 16:39:00
-26.71495,-50.01064,NOAA-20,2025-07-11 16:37:00
-26.13579,-49.96051,NOAA-20,2025-07-11 16:37:00
-25.95122,-50.00457,NOAA-20,2025-07-11 16:37:00
-29.62794,-51.73011,NOAA-20,2025-07-11 16:37:00
-4.81255,-46.97239,NOAA-20,2025-07-11 16:43:00
-3.75677,-47.11722,NOAA-20,2025-07-11 16:43:00
-5.58121,-46.7304,NOAA-20,2025-07-11 16:43:00
-6.26499,-47.59708,NOAA-20,2025-07-11 16:43:00
-6.0422,-46.85746,NOAA-20,2025-07-11 16:43:00
-6.01082,-46.83889,NOAA-20,2025-07-11 16:43:00
-6.00734,-46.83942,NOAA-20,2025-07-11 16:43:00
-5.85079,-47.00053,NOAA-20,2025-07-11 16:43:00
-5.72466,-47.36292,NOAA-20,2025-07-11 16:43:00
-5.72124,-47.36344,NOAA-20,2025-07-11 16:43:00
-5.65904,-47.39194,NOAA-20,2025-07-11 16:43:00
-5.52902,-47.65677,NOAA-20,2025-07-11 16:43:00
-5.35018,-47.29545,NOAA-20,2025-07-11 16:43:00
-7.85305,-47.12777,NOAA-20,2025-07-11 16:43:00
-7.84966,-47.12829,NOAA-20,2025-07-11 16:43:00
-7.80729,-47.92105,NOAA-20,2025-07-11 16:43:00
-7.43903,-47.88958,NOAA-20,2025-07-11 16:43:00
-7.37736,-48.12679,NOAA-20,2025-07-11 16:43:00
-7.37682,-48.12329,NOAA-20,2025-07-11 16:43:00
-7.25776,-46.99594,NOAA-20,2025-07-11 16:43:00
-7.25434,-46.99648,NOAA-20,2025-07-11 16:43:00
-6.88367,-48.15902,NOAA-20,2025-07-11 16:43:00
-6.84214,-47.84372,NOAA-20,2025-07-11 16:43:00
-6.8416,-47.84016,NOAA-20,2025-07-11 16:43:00
-6.83824,-47.84068,NOAA-20,2025-07-11 16:43:00
-6.8377,-47.83711,NOAA-20,2025-07-11 16:43:00
-6.67883,-47.39705,NOAA-20,2025-07-11 16:43:00
-6.45677,-48.1623,NOAA-20,2025-07-11 16:43:00
-9.27148,-47.91201,NOAA-20,2025-07-11 16:43:00
-8.92022,-47.3493,NOAA-20,2025-07-11 16:43:00
-8.91966,-47.34572,NOAA-20,2025-07-11 16:43:00
-8.91686,-47.34982,NOAA-20,2025-07-11 16:43:00
-8.91631,-47.34624,NOAA-20,2025-07-11 16:43:00
-8.71857,-47.17155,NOAA-20,2025-07-11 16:43:00
-8.71519,-47.17205,NOAA-20,2025-07-11 16:43:00
-8.65686,-47.1405,NOAA-20,2025-07-11 16:43:00
-8.63081,-47.47266,NOAA-20,2025-07-11 16:43:00
-8.45499,-47.52648,NOAA-20,2025-07-11 16:43:00
-8.45164,-47.52701,NOAA-20,2025-07-11 16:43:00
-8.45109,-47.52344,NOAA-20,2025-07-11 16:43:00
-8.4483,-47.52754,NOAA-20,2025-07-11 16:43:00
-8.41377,-47.58458,NOAA-20,2025-07-11 16:43:00
-8.41042,-47.58509,NOAA-20,2025-07-11 16:43:00
-8.40988,-47.58156,NOAA-20,2025-07-11 16:43:00
-8.40318,-47.58258,NOAA-20,2025-07-11 16:43:00
-8.39984,-47.5831,NOAA-20,2025-07-11 16:43:00
-8.39929,-47.57955,NOAA-20,2025-07-11 16:43:00
-8.2867,-47.50988,NOAA-20,2025-07-11 16:43:00
-8.28165,-47.52163,NOAA-20,2025-07-11 16:43:00
-8.27775,-47.51857,NOAA-20,2025-07-11 16:43:00
-8.27495,-47.52267,NOAA-20,2025-07-11 16:43:00
-8.27439,-47.5191,NOAA-20,2025-07-11 16:43:00
-8.23917,-47.55745,NOAA-20,2025-07-11 16:43:00
-8.23861,-47.55388,NOAA-20,2025-07-11 16:43:00
-8.23413,-47.56917,NOAA-20,2025-07-11 16:43:00
-8.23358,-47.56562,NOAA-20,2025-07-11 16:43:00
-8.23141,-47.44151,NOAA-20,2025-07-11 16:43:00
-8.23085,-47.43793,NOAA-20,2025-07-11 16:43:00
-8.22805,-47.44204,NOAA-20,2025-07-11 16:43:00
-8.22749,-47.43845,NOAA-20,2025-07-11 16:43:00
-8.20789,-47.42316,NOAA-20,2025-07-11 16:43:00
-8.20619,-47.42395,NOAA-20,2025-07-11 16:43:00
-8.18459,-47.18636,NOAA-20,2025-07-11 16:43:00
-8.15607,-47.63279,NOAA-20,2025-07-11 16:43:00
-8.15272,-47.6333,NOAA-20,2025-07-11 16:43:00
-10.69809,-48.30296,NOAA-20,2025-07-11 16:43:00
-10.6953,-48.30698,NOAA-20,2025-07-11 16:43:00
-10.69199,-48.3075,NOAA-20,2025-07-11 16:43:00
-10.69146,-48.304,NOAA-20,2025-07-11 16:43:00
-10.69093,-48.3005,NOAA-20,2025-07-11 16:43:00
-10.68868,-48.30802,NOAA-20,2025-07-11 16:43:00
-10.46115,-47.9495,NOAA-20,2025-07-11 16:43:00
-10.29976,-48.31571,NOAA-20,2025-07-11 16:43:00
-10.19233,-48.50215,NOAA-20,2025-07-11 16:43:00
-10.18901,-48.50266,NOAA-20,2025-07-11 16:43:00
-9.92031,-47.82892,NOAA-20,2025-07-11 16:43:00
-9.91753,-47.83294,NOAA-20,2025-07-11 16:43:00
-9.91699,-47.82944,NOAA-20,2025-07-11 16:43:00
-9.91646,-47.82594,NOAA-20,2025-07-11 16:43:00
-9.91368,-47.82996,NOAA-20,2025-07-11 16:43:00
-9.91314,-47.82646,NOAA-20,2025-07-11 16:43:00
-9.91036,-47.83048,NOAA-20,2025-07-11 16:43:00
-9.80139,-47.74001,NOAA-20,2025-07-11 16:43:00
-9.79807,-47.74053,NOAA-20,2025-07-11 16:43:00
-9.79529,-47.74456,NOAA-20,2025-07-11 16:43:00
-9.6603,-48.01415,NOAA-20,2025-07-11 16:43:00
-9.65977,-48.01065,NOAA-20,2025-07-11 16:43:00
-9.65923,-48.00715,NOAA-20,2025-07-11 16:43:00
-9.46448,-48.15349,NOAA-20,2025-07-11 16:43:00
-9.46394,-48.15,NOAA-20,2025-07-11 16:43:00
-9.46063,-48.15051,NOAA-20,2025-07-11 16:43:00
-9.45789,-48.24379,NOAA-20,2025-07-11 16:43:00
-9.40519,-48.40968,NOAA-20,2025-07-11 16:43:00
-11.93593,-49.30584,NOAA-20,2025-07-11 16:41:00
-11.73259,-48.87352,NOAA-20,2025-07-11 16:41:00
-11.73206,-48.86994,NOAA-20,2025-07-11 16:41:00
-10.87237,-49.10652,NOAA-20,2025-07-11 16:43:00
-12.07399,-47.98409,NOAA-20,2025-07-11 16:41:00
-11.83006,-48.21049,NOAA-20,2025-07-11 16:41:00
-11.57382,-47.90626,NOAA-20,2025-07-11 16:41:00
-11.57329,-47.90274,NOAA-20,2025-07-11 16:41:00
-11.55896,-47.89778,NOAA-20,2025-07-11 16:41:00
-11.41204,-48.4978,NOAA-20,2025-07-11 16:41:00
-11.40974,-48.50233,NOAA-20,2025-07-11 16:41:00
-11.40921,-48.4988,NOAA-20,2025-07-11 16:41:00
-10.95357,-48.31155,NOAA-20,2025-07-11 16:43:00
-10.95304,-48.30804,NOAA-20,2025-07-11 16:43:00
-10.95026,-48.31206,NOAA-20,2025-07-11 16:43:00
-10.9472,-48.31316,NOAA-20,2025-07-11 16:43:00
-12.88614,-49.18259,NOAA-20,2025-07-11 16:41:00
-12.88275,-49.1831,NOAA-20,2025-07-11 16:41:00
-12.7454,-48.6924,NOAA-20,2025-07-11 16:41:00
-12.74487,-48.68879,NOAA-20,2025-07-11 16:41:00
-12.74434,-48.68518,NOAA-20,2025-07-11 16:41:00
-14.60537,-48.6024,NOAA-20,2025-07-11 16:41:00
-14.60483,-48.59871,NOAA-20,2025-07-11 16:41:00
-14.60199,-48.60292,NOAA-20,2025-07-11 16:41:00
-14.37805,-49.68985,NOAA-20,2025-07-11 16:41:00
-14.32446,-48.66907,NOAA-20,2025-07-11 16:41:00
-14.32392,-48.66538,NOAA-20,2025-07-11 16:41:00
-14.10742,-49.50972,NOAA-20,2025-07-11 16:41:00
-16.22005,-48.89959,NOAA-20,2025-07-11 16:41:00
-16.2195,-48.89572,NOAA-20,2025-07-11 16:41:00
-17.74583,-49.47277,NOAA-20,2025-07-11 16:39:00
-16.88409,-49.25546,NOAA-20,2025-07-11 16:41:00
-16.80515,-49.1841,NOAA-20,2025-07-11 16:41:00
-16.77341,-49.11092,NOAA-20,2025-07-11 16:41:00
-16.72503,-49.40727,NOAA-20,2025-07-11 16:41:00
-23.6271,-50.95715,NOAA-20,2025-07-11 16:39:00
-23.5859,-51.71785,NOAA-20,2025-07-11 16:39:00
-24.88449,-52.03437,NOAA-20,2025-07-11 16:39:00
-24.87997,-52.03514,NOAA-20,2025-07-11 16:39:00
-24.47474,-50.87766,NOAA-20,2025-07-11 16:39:00
-24.47428,-50.87348,NOAA-20,2025-07-11 16:39:00
-24.31722,-50.85095,NOAA-20,2025-07-11 16:39:00
-24.14012,-51.74056,NOAA-20,2025-07-11 16:39:00
-24.13961,-51.73574,NOAA-20,2025-07-11 16:39:00
-29.37893,-53.20511,NOAA-20,2025-07-11 16:37:00
-29.37487,-53.2026,NOAA-20,2025-07-11 16:37:00
-28.65582,-53.14267,NOAA-20,2025-07-11 16:37:00
-30.87769,-52.89893,NOAA-20,2025-07-11 16:37:00
-29.61993,-52.54737,NOAA-20,2025-07-11 16:37:00
-29.61938,-52.54723,NOAA-20,2025-07-11 16:37:00
-2.92528,-48.23857,NOAA-20,2025-07-11 16:45:00
-2.91114,-48.23698,NOAA-20,2025-07-11 16:45:00
-2.78975,-47.76762,NOAA-20,2025-07-11 16:45:00
-2.5528,-47.70736,NOAA-20,2025-07-11 16:45:00
-2.54934,-47.70788,NOAA-20,2025-07-11 16:45:00
-2.44671,-47.4673,NOAA-20,2025-07-11 16:45:00
-2.4432,-47.46783,NOAA-20,2025-07-11 16:45:00
-2.25266,-47.98794,NOAA-20,2025-07-11 16:45:00
-5.03825,-48.51645,NOAA-20,2025-07-11 16:43:00
-5.03492,-48.51696,NOAA-20,2025-07-11 16:43:00
-4.66362,-48.15544,NOAA-20,2025-07-11 16:43:00
-4.66307,-48.15187,NOAA-20,2025-07-11 16:43:00
-4.6597,-48.15237,NOAA-20,2025-07-11 16:43:00
-4.55021,-48.01171,NOAA-20,2025-07-11 16:43:00
-4.54966,-48.0081,NOAA-20,2025-07-11 16:43:00
-4.54628,-48.00861,NOAA-20,2025-07-11 16:43:00
-4.50126,-47.80732,NOAA-20,2025-07-11 16:43:00
-4.49729,-47.80416,NOAA-20,2025-07-11 16:43:00
-4.49445,-47.80835,NOAA-20,2025-07-11 16:43:00
-4.49388,-47.80468,NOAA-20,2025-07-11 16:43:00
-4.37305,-48.22662,NOAA-20,2025-07-11 16:43:00
-4.32628,-48.3838,NOAA-20,2025-07-11 16:43:00
-4.32347,-48.38786,NOAA-20,2025-07-11 16:43:00
-4.32293,-48.38431,NOAA-20,2025-07-11 16:43:00
-4.25801,-48.64754,NOAA-20,2025-07-11 16:43:00
-4.24746,-48.64553,NOAA-20,2025-07-11 16:43:00
-4.03588,-48.06239,NOAA-20,2025-07-11 16:43:00
-3.87237,-48.04305,NOAA-20,2025-07-11 16:43:00
-3.70992,-47.90055,NOAA-20,2025-07-11 16:43:00
-3.70706,-47.90471,NOAA-20,2025-07-11 16:43:00
-3.7065,-47.90104,NOAA-20,2025-07-11 16:43:00
-3.69968,-47.90207,NOAA-20,2025-07-11 16:43:00
-4.17864,-48.81742,NOAA-20,2025-07-11 16:43:00
-3.97689,-48.9631,NOAA-20,2025-07-11 16:43:00
-3.77835,-49.12988,NOAA-20,2025-07-11 16:43:00
-3.61627,-49.11252,NOAA-20,2025-07-11 16:43:00
-5.62506,-48.6702,NOAA-20,2025-07-11 16:43:00
-6.16854,-48.82932,NOAA-20,2025-07-11 16:43:00
-5.81602,-49.00972,NOAA-20,2025-07-11 16:43:00
-5.28907,-49.11423,NOAA-20,2025-07-11 16:43:00
-5.17804,-49.07522,NOAA-20,2025-07-11 16:43:00
-7.82272,-50.03725,NOAA-20,2025-07-11 16:43:00
-7.48833,-49.16714,NOAA-20,2025-07-11 16:43:00
-7.08587,-49.60137,NOAA-20,2025-07-11 16:43:00
-6.6673,-49.74918,NOAA-20,2025-07-11 16:43:00
-6.66677,-49.74569,NOAA-20,2025-07-11 16:43:00
-6.66397,-49.74969,NOAA-20,2025-07-11 16:43:00
-6.66345,-49.74619,NOAA-20,2025-07-11 16:43:00
-9.28665,-50.33115,NOAA-20,2025-07-11 16:43:00
-9.17389,-49.62017,NOAA-20,2025-07-11 16:43:00
-9.10199,-49.79636,NOAA-20,2025-07-11 16:43:00
-8.96333,-49.8471,NOAA-20,2025-07-11 16:43:00
-8.95996,-49.8476,NOAA-20,2025-07-11 16:43:00
-8.74474,-49.33805,NOAA-20,2025-07-11 16:43:00
-8.66169,-49.5537,NOAA-20,2025-07-11 16:43:00
-8.65835,-49.5542,NOAA-20,2025-07-11 16:43:00
-8.31559,-49.27915,NOAA-20,2025-07-11 16:43:00
-8.02272,-50.03914,NOAA-20,2025-07-11 16:43:00
-7.97986,-49.14285,NOAA-20,2025-07-11 16:43:00
-10.60803,-50.49829,NOAA-20,2025-07-11 16:43:00
-10.60398,-50.49492,NOAA-20,2025-07-11 16:43:00
-10.60341,-50.49103,NOAA-20,2025-07-11 16:43:00
-10.60049,-50.49543,NOAA-20,2025-07-11 16:43:00
-10.56928,-50.33035,NOAA-20,2025-07-11 16:43:00
-10.56582,-50.33086,NOAA-20,2025-07-11 16:43:00
-10.51931,-50.40063,NOAA-20,2025-07-11 16:43:00
-10.51584,-50.40115,NOAA-20,2025-07-11 16:43:00
-10.51072,-50.39009,NOAA-20,2025-07-11 16:43:00
-10.50906,-50.37855,NOAA-20,2025-07-11 16:43:00
-10.5056,-50.37906,NOAA-20,2025-07-11 16:43:00
-10.81519,-50.03002,NOAA-20,2025-07-11 16:43:00
-10.81066,-50.02299,NOAA-20,2025-07-11 16:43:00
-10.80887,-50.03481,NOAA-20,2025-07-11 16:43:00
-10.80833,-50.03104,NOAA-20,2025-07-11 16:43:00
-10.80778,-50.02728,NOAA-20,2025-07-11 16:43:00
-10.80201,-50.03584,NOAA-20,2025-07-11 16:43:00
-10.80147,-50.03207,NOAA-20,2025-07-11 16:43:00
-10.79749,-50.02881,NOAA-20,2025-07-11 16:43:00
-10.79172,-50.03738,NOAA-20,2025-07-11 16:43:00
-10.79118,-50.0336,NOAA-20,2025-07-11 16:43:00
-10.78704,-50.0535,NOAA-20,2025-07-11 16:43:00
-10.78486,-50.0384,NOAA-20,2025-07-11 16:43:00
-10.78361,-50.05401,NOAA-20,2025-07-11 16:43:00
-10.78235,-50.06963,NOAA-20,2025-07-11 16:43:00
-10.78181,-50.06585,NOAA-20,2025-07-11 16:43:00
-10.77837,-50.06636,NOAA-20,2025-07-11 16:43:00
-10.74278,-49.84598,NOAA-20,2025-07-11 16:43:00
-10.74252,-49.84201,NOAA-20,2025-07-11 16:43:00
-10.74223,-49.84227,NOAA-20,2025-07-11 16:43:00
-10.67354,-49.49584,NOAA-20,2025-07-11 16:43:00
-10.673,-49.49221,NOAA-20,2025-07-11 16:43:00
-10.57816,-49.13103,NOAA-20,2025-07-11 16:43:00
-10.57588,-49.13869,NOAA-20,2025-07-11 16:43:00
-10.57306,-49.14276,NOAA-20,2025-07-11 16:43:00
-10.38266,-49.89273,NOAA-20,2025-07-11 16:43:00
-10.35868,-49.91905,NOAA-20,2025-07-11 16:43:00
-10.35528,-49.91956,NOAA-20,2025-07-11 16:43:00
-10.35241,-49.92378,NOAA-20,2025-07-11 16:43:00
-10.35187,-49.92007,NOAA-20,2025-07-11 16:43:00
-10.34901,-49.92429,NOAA-20,2025-07-11 16:43:00
-9.85351,-49.93152,NOAA-20,2025-07-11 16:43:00
-9.85011,-49.93203,NOAA-20,2025-07-11 16:43:00
-9.84957,-49.92834,NOAA-20,2025-07-11 16:43:00
-9.76847,-49.38175,NOAA-20,2025-07-11 16:43:00
-11.59813,-50.35108,NOAA-20,2025-07-11 16:41:00
-11.59757,-50.34715,NOAA-20,2025-07-11 16:41:00
-11.59463,-50.3516,NOAA-20,2025-07-11 16:41:00
-11.59058,-50.34818,NOAA-20,2025-07-11 16:41:00
-11.58303,-50.34529,NOAA-20,2025-07-11 16:41:00
-11.57898,-50.34188,NOAA-20,2025-07-11 16:41:00
-11.43999,-50.45863,NOAA-20,2025-07-11 16:41:00
-11.43942,-50.45467,NOAA-20,2025-07-11 16:41:00
-11.43534,-50.45124,NOAA-20,2025-07-11 16:41:00
-11.43468,-50.47154,NOAA-20,2025-07-11 16:41:00
-11.43061,-50.46811,NOAA-20,2025-07-11 16:41:00
-11.43004,-50.46414,NOAA-20,2025-07-11 16:41:00
-11.42947,-50.46019,NOAA-20,2025-07-11 16:41:00
-11.41693,-50.52282,NOAA-20,2025-07-11 16:41:00
-11.91876,-49.90464,NOAA-20,2025-07-11 16:41:00
-11.15467,-49.6961,NOAA-20,2025-07-11 16:43:00
-11.15423,-49.69635,NOAA-20,2025-07-11 16:43:00
-11.15137,-49.70057,NOAA-20,2025-07-11 16:43:00
-11.15083,-49.69686,NOAA-20,2025-07-11 16:43:00
-11.09015,-49.95044,NOAA-20,2025-07-11 16:43:00
-12.4456,-50.52834,NOAA-20,2025-07-11 16:41:00
-12.44263,-50.53295,NOAA-20,2025-07-11 16:41:00
-12.44205,-50.52887,NOAA-20,2025-07-11 16:41:00
-12.43966,-50.53755,NOAA-20,2025-07-11 16:41:00
-12.43908,-50.53347,NOAA-20,2025-07-11 16:41:00
-12.42959,-50.5432,NOAA-20,2025-07-11 16:41:00
-12.42842,-50.53504,NOAA-20,2025-07-11 16:41:00
-12.42545,-50.53964,NOAA-20,2025-07-11 16:41:00
-15.2886,-51.36002,NOAA-20,2025-07-11 16:41:00
-19.37683,-51.39996,NOAA-20,2025-07-11 16:39:00
-19.37683,-51.39988,NOAA-20,2025-07-11 16:39:00
-19.37231,-51.39672,NOAA-20,2025-07-11 16:39:00
-19.37229,-51.39664,NOAA-20,2025-07-11 16:39:00
-20.21098,-51.32708,NOAA-20,2025-07-11 16:39:00
-21.66752,-52.42294,NOAA-20,2025-07-11 16:39:00
-26.77884,-52.97687,NOAA-20,2025-07-11 16:37:00
-26.22793,-53.36336,NOAA-20,2025-07-11 16:37:00
-26.22396,-53.3667,NOAA-20,2025-07-11 16:37:00
-26.22292,-53.3642,NOAA-20,2025-07-11 16:37:00
-28.04278,-54.32098,NOAA-20,2025-07-11 16:37:00
-27.34454,-52.97612,NOAA-20,2025-07-11 16:37:00
-2.55489,-49.3611,NOAA-20,2025-07-11 16:45:00
-2.53885,-49.27834,NOAA-20,2025-07-11 16:45:00
-2.53552,-49.27884,NOAA-20,2025-07-11 16:45:00
-3.60275,-49.44752,NOAA-20,2025-07-11 16:43:00
-3.24898,-49.12814,NOAA-20,2025-07-11 16:45:00
-3.24512,-49.12516,NOAA-20,2025-07-11 16:45:00
-3.2418,-49.12566,NOAA-20,2025-07-11 16:45:00
-4.48863,-50.70982,NOAA-20,2025-07-11 16:43:00
-4.01011,-49.47121,NOAA-20,2025-07-11 16:43:00
-4.00721,-50.50341,NOAA-20,2025-07-11 16:43:00
-3.64322,-50.67769,NOAA-20,2025-07-11 16:45:00
-6.07083,-49.79604,NOAA-20,2025-07-11 16:43:00
-7.77758,-51.14313,NOAA-20,2025-07-11 16:43:00
-8.77985,-50.49829,NOAA-20,2025-07-11 16:43:00
-8.77929,-50.49455,NOAA-20,2025-07-11 16:43:00
-8.77917,-50.49484,NOAA-20,2025-07-11 16:43:00
-8.77873,-50.49079,NOAA-20,2025-07-11 16:43:00
-8.77862,-50.49108,NOAA-20,2025-07-11 16:43:00
-8.74103,-50.26111,NOAA-20,2025-07-11 16:43:00
-10.81053,-51.37871,NOAA-20,2025-07-11 16:43:00
-10.80623,-51.64025,NOAA-20,2025-07-11 16:43:00
-10.805,-51.63145,NOAA-20,2025-07-11 16:43:00
-10.80254,-51.64079,NOAA-20,2025-07-11 16:43:00
-10.79763,-51.63252,NOAA-20,2025-07-11 16:43:00
-10.55787,-52.04696,NOAA-20,2025-07-11 16:43:00
-10.55659,-52.03778,NOAA-20,2025-07-11 16:43:00
-11.94692,-51.69241,NOAA-20,2025-07-11 16:41:00
-11.94317,-51.69293,NOAA-20,2025-07-11 16:41:00
-11.93942,-51.69345,NOAA-20,2025-07-11 16:41:00
-11.93567,-51.694,NOAA-20,2025-07-11 16:41:00
-11.33388,-51.44112,NOAA-20,2025-07-11 16:43:00
-11.33021,-51.44166,NOAA-20,2025-07-11 16:43:00
-11.32654,-51.44218,NOAA-20,2025-07-11 16:43:00
-11.32593,-51.43783,NOAA-20,2025-07-11 16:43:00
-11.11296,-50.77003,NOAA-20,2025-07-11 16:43:00
-11.11239,-50.76599,NOAA-20,2025-07-11 16:43:00
-11.11182,-50.76195,NOAA-20,2025-07-11 16:43:00
-11.10999,-50.7746,NOAA-20,2025-07-11 16:43:00
-11.10828,-50.76247,NOAA-20,2025-07-11 16:43:00
-11.10588,-50.77107,NOAA-20,2025-07-11 16:43:00
-11.10531,-50.76703,NOAA-20,2025-07-11 16:43:00
-12.21549,-51.05881,NOAA-20,2025-07-11 16:41:00
-12.21488,-51.05453,NOAA-20,2025-07-11 16:41:00
-12.2129,-51.0639,NOAA-20,2025-07-11 16:41:00
-12.21247,-51.06363,NOAA-20,2025-07-11 16:41:00
-12.21231,-51.05961,NOAA-20,2025-07-11 16:41:00
-12.21173,-51.05532,NOAA-20,2025-07-11 16:41:00
-12.21124,-51.05505,NOAA-20,2025-07-11 16:41:00
-12.21114,-51.05103,NOAA-20,2025-07-11 16:41:00
-12.20883,-51.06415,NOAA-20,2025-07-11 16:41:00
-12.207,-51.0513,NOAA-20,2025-07-11 16:41:00
-12.20639,-51.04702,NOAA-20,2025-07-11 16:41:00
-12.20275,-51.04755,NOAA-20,2025-07-11 16:41:00
-12.1961,-51.05288,NOAA-20,2025-07-11 16:41:00
-13.74334,-51.96585,NOAA-20,2025-07-11 16:41:00
-13.73915,-51.95936,NOAA-20,2025-07-11 16:41:00
-13.73876,-51.96143,NOAA-20,2025-07-11 16:41:00
-12.51623,-51.28992,NOAA-20,2025-07-11 16:41:00
-12.50392,-51.28265,NOAA-20,2025-07-11 16:41:00
-12.49715,-51.28815,NOAA-20,2025-07-11 16:41:00
-12.49654,-51.28371,NOAA-20,2025-07-11 16:41:00
-12.36831,-52.09833,NOAA-20,2025-07-11 16:41:00
-12.36726,-52.10196,NOAA-20,2025-07-11 16:41:00
-12.367,-52.08855,NOAA-20,2025-07-11 16:41:00
-12.36657,-52.09708,NOAA-20,2025-07-11 16:41:00
-12.36635,-52.0837,NOAA-20,2025-07-11 16:41:00
-12.36589,-52.09221,NOAA-20,2025-07-11 16:41:00
-12.36545,-52.11718,NOAA-20,2025-07-11 16:41:00
-12.3652,-52.08734,NOAA-20,2025-07-11 16:41:00
-12.3651,-52.10377,NOAA-20,2025-07-11 16:41:00
-12.36477,-52.11228,NOAA-20,2025-07-11 16:41:00
-12.36452,-52.08251,NOAA-20,2025-07-11 16:41:00
-12.36445,-52.09887,NOAA-20,2025-07-11 16:41:00
-12.3638,-52.09398,NOAA-20,2025-07-11 16:41:00
-12.3634,-52.1025,NOAA-20,2025-07-11 16:41:00
-12.3632,-52.11903,NOAA-20,2025-07-11 16:41:00
-12.36314,-52.0891,NOAA-20,2025-07-11 16:41:00
-12.36271,-52.09761,NOAA-20,2025-07-11 16:41:00
-12.36255,-52.11412,NOAA-20,2025-07-11 16:41:00
-12.3625,-52.08425,NOAA-20,2025-07-11 16:41:00
-12.36203,-52.09275,NOAA-20,2025-07-11 16:41:00
-12.36189,-52.10921,NOAA-20,2025-07-11 16:41:00
-12.36185,-52.07941,NOAA-20,2025-07-11 16:41:00
-12.36159,-52.11773,NOAA-20,2025-07-11 16:41:00
-12.3609,-52.11282,NOAA-20,2025-07-11 16:41:00
-12.36067,-52.08307,NOAA-20,2025-07-11 16:41:00
-12.36059,-52.09941,NOAA-20,2025-07-11 16:41:00
-12.36022,-52.10793,NOAA-20,2025-07-11 16:41:00
-12.36,-52.07824,NOAA-20,2025-07-11 16:41:00
-12.35994,-52.09453,NOAA-20,2025-07-11 16:41:00
-12.35954,-52.10305,NOAA-20,2025-07-11 16:41:00
-12.35885,-52.09817,NOAA-20,2025-07-11 16:41:00
-12.35869,-52.11468,NOAA-20,2025-07-11 16:41:00
-12.35803,-52.10976,NOAA-20,2025-07-11 16:41:00
-12.35773,-52.1183,NOAA-20,2025-07-11 16:41:00
-12.35735,-52.07515,NOAA-20,2025-07-11 16:41:00
-12.35705,-52.11338,NOAA-20,2025-07-11 16:41:00
-12.35682,-52.08363,NOAA-20,2025-07-11 16:41:00
-12.35636,-52.10848,NOAA-20,2025-07-11 16:41:00
-12.35614,-52.0788,NOAA-20,2025-07-11 16:41:00
-12.35568,-52.1036,NOAA-20,2025-07-11 16:41:00
-12.355,-52.09872,NOAA-20,2025-07-11 16:41:00
-12.35482,-52.11525,NOAA-20,2025-07-11 16:41:00
-12.35479,-52.0854,NOAA-20,2025-07-11 16:41:00
-12.35432,-52.09387,NOAA-20,2025-07-11 16:41:00
-12.35417,-52.11032,NOAA-20,2025-07-11 16:41:00
-12.35414,-52.08054,NOAA-20,2025-07-11 16:41:00
-12.35364,-52.08904,NOAA-20,2025-07-11 16:41:00
-12.35297,-52.08421,NOAA-20,2025-07-11 16:41:00
-12.35287,-52.10052,NOAA-20,2025-07-11 16:41:00
-12.35222,-52.09565,NOAA-20,2025-07-11 16:41:00
-12.35158,-52.09081,NOAA-20,2025-07-11 16:41:00
-17.68166,-52.89841,NOAA-20,2025-07-11 16:41:00
-21.44461,-54.57708,NOAA-20,2025-07-11 16:39:00
-21.4443,-54.57385,NOAA-20,2025-07-11 16:39:00
-21.44248,-54.57826,NOAA-20,2025-07-11 16:39:00
-21.44214,-54.57503,NOAA-20,2025-07-11 16:39:00
-0.00542,-51.1827,NOAA-20,2025-07-11 16:45:00
-3.42275,-50.85958,NOAA-20,2025-07-11 16:45:00
-6.285,-51.77004,NOAA-20,2025-07-11 16:43:00
-5.9726,-52.42148,NOAA-20,2025-07-11 16:43:00
-5.96897,-52.42202,NOAA-20,2025-07-11 16:43:00
-5.96836,-52.41784,NOAA-20,2025-07-11 16:43:00
-5.81987,-51.84887,NOAA-20,2025-07-11 16:43:00
-5.81927,-51.84488,NOAA-20,2025-07-11 16:43:00
-6.65153,-51.95576,NOAA-20,2025-07-11 16:43:00
-6.58611,-52.22551,NOAA-20,2025-07-11 16:43:00
-10.60755,-52.83918,NOAA-20,2025-07-11 16:43:00
-10.50317,-53.57807,NOAA-20,2025-07-11 16:43:00
-11.28004,-52.47157,NOAA-20,2025-07-11 16:43:00
-14.36875,-54.45762,NOAA-20,2025-07-11 16:41:00
-14.36412,-54.45822,NOAA-20,2025-07-11 16:41:00
-14.3635,-54.45332,NOAA-20,2025-07-11 16:41:00
-14.35887,-54.4539,NOAA-20,2025-07-11 16:41:00
-14.35423,-54.45445,NOAA-20,2025-07-11 16:41:00
-14.34959,-54.45497,NOAA-20,2025-07-11 16:41:00
-14.34556,-54.46039,NOAA-20,2025-07-11 16:41:00
-14.28127,-53.34475,NOAA-20,2025-07-11 16:41:00
-14.25841,-53.3895,NOAA-20,2025-07-11 16:41:00
-14.25642,-53.39066,NOAA-20,2025-07-11 16:41:00
-14.25566,-53.36862,NOAA-20,2025-07-11 16:41:00
-14.25538,-53.38227,NOAA-20,2025-07-11 16:41:00
-14.25301,-53.38171,NOAA-20,2025-07-11 16:41:00
-14.25073,-53.2405,NOAA-20,2025-07-11 16:41:00
-15.80483,-53.59222,NOAA-20,2025-07-11 16:41:00
-20.89144,-55.16636,NOAA-20,2025-07-11 16:39:00
-20.88614,-55.16695,NOAA-20,2025-07-11 16:39:00
-22.20891,-56.02005,NOAA-20,2025-07-11 16:39:00
-22.20562,-56.02149,NOAA-20,2025-07-11 16:39:00
-3.40179,-53.16788,NOAA-20,2025-07-11 16:45:00
-19.09124,-56.04272,NOAA-20,2025-07-11 16:39:00
-18.66161,-55.72593,NOAA-20,2025-07-11 16:39:00
-18.66124,-55.72245,NOAA-20,2025-07-11 16:39:00
-18.50178,-55.8884,NOAA-20,2025-07-11 16:39:00
-20.70786,-56.66186,NOAA-20,2025-07-11 16:39:00
-20.4135,-56.16449,NOAA-20,2025-07-11 16:39:00
-20.27747,-57.01536,NOAA-20,2025-07-11 16:39:00
-21.71044,-57.67202,NOAA-20,2025-07-11 16:39:00
-21.70813,-57.67009,NOAA-20,2025-07-11 16:39:00
-1.53207,-54.51814,NOAA-20,2025-07-11 16:45:00
-2.89074,-54.38207,NOAA-20,2025-07-11 16:45:00
-7.02297,-55.42562,NOAA-20,2025-07-11 16:43:00
-6.53854,-55.03682,NOAA-20,2025-07-11 16:43:00
-6.53798,-55.03275,NOAA-20,2025-07-11 16:43:00
-10.67941,-56.54838,NOAA-20,2025-07-11 16:43:00
-10.67472,-56.55196,NOAA-20,2025-07-11 16:43:00
-10.66889,-56.54681,NOAA-20,2025-07-11 16:43:00
-10.39194,-55.84708,NOAA-20,2025-07-11 16:43:00
-10.39187,-55.84322,NOAA-20,2025-07-11 16:43:00
-10.39127,-55.84178,NOAA-20,2025-07-11 16:43:00
-10.38706,-55.84388,NOAA-20,2025-07-11 16:43:00
-10.38647,-55.84246,NOAA-20,2025-07-11 16:43:00
-10.38636,-55.83863,NOAA-20,2025-07-11 16:43:00
-10.3858,-55.83719,NOAA-20,2025-07-11 16:43:00
-10.38232,-55.84842,NOAA-20,2025-07-11 16:43:00
-10.38166,-55.84314,NOAA-20,2025-07-11 16:43:00
-10.38155,-55.83929,NOAA-20,2025-07-11 16:43:00
-10.38099,-55.83788,NOAA-20,2025-07-11 16:43:00
-11.06134,-55.37769,NOAA-20,2025-07-11 16:43:00
-11.7962,-56.04426,NOAA-20,2025-07-11 16:43:00
-12.58653,-56.99084,NOAA-20,2025-07-11 16:41:00
-12.58613,-56.98743,NOAA-20,2025-07-11 16:41:00
-12.58573,-56.98404,NOAA-20,2025-07-11 16:41:00
-12.58533,-56.98066,NOAA-20,2025-07-11 16:41:00
-2.4694,-55.4191,NOAA-20,2025-07-11 16:45:00
-2.46756,-55.41941,NOAA-20,2025-07-11 16:45:00
-2.32844,-55.52432,NOAA-20,2025-07-11 16:45:00
-3.86366,-55.50666,NOAA-20,2025-07-11 16:45:00
-5.39085,-55.87268,NOAA-20,2025-07-11 16:43:00
-9.1853,-58.05879,NOAA-20,2025-07-11 16:43:00
-9.18468,-58.0582,NOAA-20,2025-07-11 16:43:00
-10.22802,-56.76629,NOAA-20,2025-07-11 16:43:00
-10.1372,-57.78114,NOAA-20,2025-07-11 16:43:00
-10.1313,-57.77832,NOAA-20,2025-07-11 16:43:00
-10.10826,-58.22011,NOAA-20,2025-07-11 16:43:00
-14.49789,-58.63776,NOAA-20,2025-07-11 16:41:00
-14.49739,-58.63315,NOAA-20,2025-07-11 16:41:00
-14.4957,-58.79316,NOAA-20,2025-07-11 16:41:00
-14.49518,-58.78816,NOAA-20,2025-07-11 16:41:00
-14.49178,-58.63855,NOAA-20,2025-07-11 16:41:00
-14.48955,-58.79406,NOAA-20,2025-07-11 16:41:00
-14.48904,-58.78915,NOAA-20,2025-07-11 16:41:00
-14.43223,-58.71926,NOAA-20,2025-07-11 16:41:00
-14.41705,-58.75134,NOAA-20,2025-07-11 16:41:00
-14.4114,-58.75673,NOAA-20,2025-07-11 16:41:00
-14.39708,-58.73918,NOAA-20,2025-07-11 16:41:00
-14.39657,-58.73433,NOAA-20,2025-07-11 16:41:00
-14.36999,-58.71793,NOAA-20,2025-07-11 16:41:00
-14.36386,-58.71869,NOAA-20,2025-07-11 16:41:00
-14.36376,-58.72019,NOAA-20,2025-07-11 16:41:00
-14.35823,-58.72418,NOAA-20,2025-07-11 16:41:00
-14.35815,-58.72561,NOAA-20,2025-07-11 16:41:00
-14.35774,-58.71949,NOAA-20,2025-07-11 16:41:00
-14.35763,-58.72095,NOAA-20,2025-07-11 16:41:00
-14.35674,-58.70987,NOAA-20,2025-07-11 16:41:00
-14.35656,-58.71137,NOAA-20,2025-07-11 16:41:00
-14.35412,-58.74532,NOAA-20,2025-07-11 16:41:00
-14.35406,-58.74388,NOAA-20,2025-07-11 16:41:00
-14.35307,-58.73432,NOAA-20,2025-07-11 16:41:00
-14.35306,-58.73571,NOAA-20,2025-07-11 16:41:00
-14.3521,-58.72499,NOAA-20,2025-07-11 16:41:00
-14.35203,-58.72641,NOAA-20,2025-07-11 16:41:00
-14.34799,-58.74612,NOAA-20,2025-07-11 16:41:00
-14.34793,-58.74469,NOAA-20,2025-07-11 16:41:00
-14.34746,-58.74132,NOAA-20,2025-07-11 16:41:00
-14.34744,-58.73992,NOAA-20,2025-07-11 16:41:00
-14.34695,-58.73517,NOAA-20,2025-07-11 16:41:00
-14.34694,-58.73657,NOAA-20,2025-07-11 16:41:00
-14.34399,-58.70657,NOAA-20,2025-07-11 16:41:00
-14.33638,-58.69298,NOAA-20,2025-07-11 16:41:00
-14.33556,-58.68972,NOAA-20,2025-07-11 16:41:00
-14.33125,-58.70332,NOAA-20,2025-07-11 16:41:00
-14.33102,-58.70478,NOAA-20,2025-07-11 16:41:00
-14.33088,-58.63971,NOAA-20,2025-07-11 16:41:00
-14.33075,-58.69846,NOAA-20,2025-07-11 16:41:00
-14.33049,-58.69992,NOAA-20,2025-07-11 16:41:00
-14.33022,-58.64128,NOAA-20,2025-07-11 16:41:00
-14.32978,-58.68897,NOAA-20,2025-07-11 16:41:00
-14.32945,-58.69041,NOAA-20,2025-07-11 16:41:00
-14.32366,-58.68971,NOAA-20,2025-07-11 16:41:00
-14.32333,-58.69115,NOAA-20,2025-07-11 16:41:00
-9.33568,-58.8431,NOAA-20,2025-07-11 16:43:00
-9.24698,-58.74352,NOAA-20,2025-07-11 16:43:00
-9.0844,-59.47559,NOAA-20,2025-07-11 16:43:00
-9.08382,-59.471,NOAA-20,2025-07-11 16:43:00
-10.05488,-59.11162,NOAA-20,2025-07-11 16:43:00
-10.05433,-59.10722,NOAA-20,2025-07-11 16:43:00
-10.05157,-59.10883,NOAA-20,2025-07-11 16:43:00
-11.88017,-58.7184,NOAA-20,2025-07-11 16:43:00
-11.87966,-58.71405,NOAA-20,2025-07-11 16:43:00
-11.87425,-58.71929,NOAA-20,2025-07-11 16:43:00
-11.87373,-58.71489,NOAA-20,2025-07-11 16:43:00
-11.86677,-58.70698,NOAA-20,2025-07-11 16:43:00
-3.97683,-59.78571,NOAA-20,2025-07-11 16:45:00
-3.97534,-59.78555,NOAA-20,2025-07-11 16:45:00
-8.75428,-60.70371,NOAA-20,2025-07-11 16:43:00
-8.75395,-60.70303,NOAA-20,2025-07-11 16:43:00
-8.75364,-60.69833,NOAA-20,2025-07-11 16:43:00
-13.08285,-61.46542,NOAA-20,2025-07-11 16:41:00
-13.07926,-61.46622,NOAA-20,2025-07-11 16:41:00
-9.02699,-61.22491,NOAA-20,2025-07-11 16:43:00
-9.02402,-61.22647,NOAA-20,2025-07-11 16:43:00
-9.0233,-61.22069,NOAA-20,2025-07-11 16:43:00
-9.72067,-61.28703,NOAA-20,2025-07-11 16:43:00
-4.96944,-39.91919,NOAA-21,2025-07-11 15:56:00
-4.08646,-39.82676,NOAA-21,2025-07-11 15:56:00
-4.08585,-39.82275,NOAA-21,2025-07-11 15:56:00
-9.20539,-41.02538,NOAA-21,2025-07-11 15:54:00
-10.33558,-39.91658,NOAA-21,2025-07-11 15:54:00
-22.83278,-42.71236,NOAA-21,2025-07-11 15:50:00
-22.83191,-42.71326,NOAA-21,2025-07-11 15:50:00
-22.67891,-42.92584,NOAA-21,2025-07-11 15:50:00
-3.23116,-41.11103,NOAA-21,2025-07-11 15:56:00
-3.04289,-40.82021,NOAA-21,2025-07-11 15:56:00
-3.03985,-40.82511,NOAA-21,2025-07-11 15:56:00
-3.03918,-40.82074,NOAA-21,2025-07-11 15:56:00
-3.02335,-40.02869,NOAA-21,2025-07-11 15:56:00
-3.0198,-40.02921,NOAA-21,2025-07-11 15:56:00
-3.01169,-39.92855,NOAA-21,2025-07-11 15:56:00
-2.99173,-40.13224,NOAA-21,2025-07-11 15:56:00
-2.98816,-40.13277,NOAA-21,2025-07-11 15:56:00
-4.4903,-40.8785,NOAA-21,2025-07-11 15:56:00
-4.11182,-40.61848,NOAA-21,2025-07-11 15:56:00
-5.52416,-40.74686,NOAA-21,2025-07-11 15:56:00
-13.61898,-43.56821,NOAA-21,2025-07-11 15:52:00
-19.10064,-44.59087,NOAA-21,2025-07-11 15:52:00
-22.43198,-44.39666,NOAA-21,2025-07-11 15:50:00
-2.94714,-41.3364,NOAA-21,2025-07-11 15:56:00
-4.99016,-42.84205,NOAA-21,2025-07-11 15:56:00
-4.38974,-41.91094,NOAA-21,2025-07-11 15:56:00
-3.94554,-42.17057,NOAA-21,2025-07-11 15:56:00
-6.44535,-43.21751,NOAA-21,2025-07-11 15:54:00
-6.44144,-43.22272,NOAA-21,2025-07-11 15:54:00
-6.44081,-43.21813,NOAA-21,2025-07-11 15:54:00
-6.43998,-43.22182,NOAA-21,2025-07-11 15:54:00
-6.27956,-42.36685,NOAA-21,2025-07-11 15:54:00
-6.22519,-42.9567,NOAA-21,2025-07-11 15:54:00
-6.12333,-42.53702,NOAA-21,2025-07-11 15:54:00
-6.12273,-42.53296,NOAA-21,2025-07-11 15:54:00
-6.12151,-42.52471,NOAA-21,2025-07-11 15:54:00
-6.12145,-42.53721,NOAA-21,2025-07-11 15:54:00
-6.12088,-42.53314,NOAA-21,2025-07-11 15:54:00
-5.74306,-42.27563,NOAA-21,2025-07-11 15:56:00
-5.73942,-42.28012,NOAA-21,2025-07-11 15:56:00
-5.73884,-42.27618,NOAA-21,2025-07-11 15:56:00
-5.54711,-42.53199,NOAA-21,2025-07-11 15:56:00
-5.42255,-43.2521,NOAA-21,2025-07-11 15:56:00
-7.19903,-43.35441,NOAA-21,2025-07-11 15:54:00
-7.19527,-43.35318,NOAA-21,2025-07-11 15:54:00
-7.1848,-42.97807,NOAA-21,2025-07-11 15:54:00
-7.16885,-43.09749,NOAA-21,2025-07-11 15:54:00
-7.03221,-43.29599,NOAA-21,2025-07-11 15:54:00
-7.03153,-43.29116,NOAA-21,2025-07-11 15:54:00
-6.97541,-42.79458,NOAA-21,2025-07-11 15:54:00
-6.87885,-43.33678,NOAA-21,2025-07-11 15:54:00
-6.87875,-43.33781,NOAA-21,2025-07-11 15:54:00
-6.86506,-42.77641,NOAA-21,2025-07-11 15:54:00
-6.86064,-42.77708,NOAA-21,2025-07-11 15:54:00
-6.85558,-42.77333,NOAA-21,2025-07-11 15:54:00
-6.85483,-42.80003,NOAA-21,2025-07-11 15:54:00
-6.85422,-42.7957,NOAA-21,2025-07-11 15:54:00
-6.85038,-42.80053,NOAA-21,2025-07-11 15:54:00
-6.84351,-42.78386,NOAA-21,2025-07-11 15:54:00
-6.83154,-43.36789,NOAA-21,2025-07-11 15:54:00
-6.82698,-43.10587,NOAA-21,2025-07-11 15:54:00
-6.82694,-43.36861,NOAA-21,2025-07-11 15:54:00
-6.78182,-42.91845,NOAA-21,2025-07-11 15:54:00
-6.68099,-43.09657,NOAA-21,2025-07-11 15:54:00
-6.65287,-43.19328,NOAA-21,2025-07-11 15:54:00
-6.65199,-43.19568,NOAA-21,2025-07-11 15:54:00
-6.64893,-43.19839,NOAA-21,2025-07-11 15:54:00
-6.64743,-43.19624,NOAA-21,2025-07-11 15:54:00
-6.52836,-43.54319,NOAA-21,2025-07-11 15:54:00
-6.51706,-43.33047,NOAA-21,2025-07-11 15:54:00
-6.51249,-43.33121,NOAA-21,2025-07-11 15:54:00
-6.5113,-43.35572,NOAA-21,2025-07-11 15:54:00
-6.50669,-43.35623,NOAA-21,2025-07-11 15:54:00
-12.058,-43.51016,NOAA-21,2025-07-11 15:54:00
-12.05788,-43.51023,NOAA-21,2025-07-11 15:54:00
-13.24238,-43.68495,NOAA-21,2025-07-11 15:52:00
-13.22388,-44.97483,NOAA-21,2025-07-11 15:52:00
-13.18776,-43.49575,NOAA-21,2025-07-11 15:52:00
-12.99367,-44.87341,NOAA-21,2025-07-11 15:52:00
-12.99324,-44.86971,NOAA-21,2025-07-11 15:52:00
-12.99282,-44.86607,NOAA-21,2025-07-11 15:52:00
-12.98681,-44.86307,NOAA-21,2025-07-11 15:52:00
-12.47166,-44.4976,NOAA-21,2025-07-11 15:52:00
-12.47123,-44.49412,NOAA-21,2025-07-11 15:52:00
-2.64936,-43.98623,NOAA-21,2025-07-11 15:56:00
-3.44451,-43.32689,NOAA-21,2025-07-11 15:56:00
-3.4439,-43.3227,NOAA-21,2025-07-11 15:56:00
-3.42774,-43.34073,NOAA-21,2025-07-11 15:56:00
-3.38629,-43.12642,NOAA-21,2025-07-11 15:56:00
-3.38136,-43.12294,NOAA-21,2025-07-11 15:56:00
-3.23322,-43.35959,NOAA-21,2025-07-11 15:56:00
-3.13849,-43.3901,NOAA-21,2025-07-11 15:56:00
-4.85757,-43.23544,NOAA-21,2025-07-11 15:56:00
-4.85694,-43.23103,NOAA-21,2025-07-11 15:56:00
-4.8563,-43.22663,NOAA-21,2025-07-11 15:56:00
-4.8525,-43.23165,NOAA-21,2025-07-11 15:56:00
-4.85187,-43.22727,NOAA-21,2025-07-11 15:56:00
-4.68484,-43.25272,NOAA-21,2025-07-11 15:56:00
-3.9979,-43.23428,NOAA-21,2025-07-11 15:56:00
-3.97399,-43.28547,NOAA-21,2025-07-11 15:56:00
-3.96959,-43.28611,NOAA-21,2025-07-11 15:56:00
-6.17046,-44.97476,NOAA-21,2025-07-11 15:56:00
-6.07933,-44.8679,NOAA-21,2025-07-11 15:56:00
-5.42262,-44.64347,NOAA-21,2025-07-11 15:56:00
-6.44434,-43.81491,NOAA-21,2025-07-11 15:54:00
-6.44362,-43.80979,NOAA-21,2025-07-11 15:54:00
-6.29607,-43.94659,NOAA-21,2025-07-11 15:54:00
-6.29129,-43.94717,NOAA-21,2025-07-11 15:54:00
-5.54938,-43.89822,NOAA-21,2025-07-11 15:56:00
-6.42221,-44.86789,NOAA-21,2025-07-11 15:54:00
-6.13921,-44.11494,NOAA-21,2025-07-11 15:56:00
-6.13875,-44.11332,NOAA-21,2025-07-11 15:56:00
-5.78332,-43.60889,NOAA-21,2025-07-11 15:56:00
-5.77936,-43.61417,NOAA-21,2025-07-11 15:56:00
-5.77611,-43.62452,NOAA-21,2025-07-11 15:56:00
-5.77542,-43.61967,NOAA-21,2025-07-11 15:56:00
-5.39633,-43.55526,NOAA-21,2025-07-11 15:56:00
-5.39544,-43.55342,NOAA-21,2025-07-11 15:56:00
-7.87563,-44.54742,NOAA-21,2025-07-11 15:54:00
-7.6914,-44.35922,NOAA-21,2025-07-11 15:54:00
-7.68716,-44.36567,NOAA-21,2025-07-11 15:54:00
-7.68678,-44.3628,NOAA-21,2025-07-11 15:54:00
-7.68526,-44.35151,NOAA-21,2025-07-11 15:54:00
-7.67469,-44.64723,NOAA-21,2025-07-11 15:54:00
-7.66916,-44.64482,NOAA-21,2025-07-11 15:54:00
-7.62164,-45.35989,NOAA-21,2025-07-11 15:54:00
-7.62119,-45.35652,NOAA-21,2025-07-11 15:54:00
-7.40136,-44.5588,NOAA-21,2025-07-11 15:54:00
-7.02385,-44.33556,NOAA-21,2025-07-11 15:54:00
-6.74063,-44.62198,NOAA-21,2025-07-11 15:54:00
-6.74039,-44.62218,NOAA-21,2025-07-11 15:54:00
-6.71418,-44.95065,NOAA-21,2025-07-11 15:54:00
-6.47223,-45.03616,NOAA-21,2025-07-11 15:54:00
-6.4691,-45.0341,NOAA-21,2025-07-11 15:54:00
-6.4675,-45.03981,NOAA-21,2025-07-11 15:54:00
-6.46708,-45.03689,NOAA-21,2025-07-11 15:54:00
-6.46357,-45.03204,NOAA-21,2025-07-11 15:54:00
-6.44727,-45.04533,NOAA-21,2025-07-11 15:54:00
-6.44683,-45.04221,NOAA-21,2025-07-11 15:54:00
-6.44557,-45.03331,NOAA-21,2025-07-11 15:54:00
-6.44212,-45.04606,NOAA-21,2025-07-11 15:54:00
-7.88069,-44.54656,NOAA-21,2025-07-11 15:54:00
-7.69178,-44.36209,NOAA-21,2025-07-11 15:54:00
-7.69101,-44.35637,NOAA-21,2025-07-11 15:54:00
-7.69026,-44.35078,NOAA-21,2025-07-11 15:54:00
-7.68755,-44.36857,NOAA-21,2025-07-11 15:54:00
-7.68639,-44.35994,NOAA-21,2025-07-11 15:54:00
-7.67429,-44.64431,NOAA-21,2025-07-11 15:54:00
-7.66997,-44.65072,NOAA-21,2025-07-11 15:54:00
-7.66443,-44.6483,NOAA-21,2025-07-11 15:54:00
-7.61632,-45.36086,NOAA-21,2025-07-11 15:54:00
-7.49225,-43.93656,NOAA-21,2025-07-11 15:54:00
-7.48828,-43.93457,NOAA-21,2025-07-11 15:54:00
-7.48736,-43.93697,NOAA-21,2025-07-11 15:54:00
-7.40646,-44.55843,NOAA-21,2025-07-11 15:54:00
-7.38713,-43.8421,NOAA-21,2025-07-11 15:54:00
-7.23774,-43.99928,NOAA-21,2025-07-11 15:54:00
-7.23362,-44.00531,NOAA-21,2025-07-11 15:54:00
-7.23287,-43.99982,NOAA-21,2025-07-11 15:54:00
-7.22462,-44.01178,NOAA-21,2025-07-11 15:54:00
-7.10776,-44.0526,NOAA-21,2025-07-11 15:54:00
-7.10364,-44.0587,NOAA-21,2025-07-11 15:54:00
-7.1029,-44.05323,NOAA-21,2025-07-11 15:54:00
-7.09974,-44.05489,NOAA-21,2025-07-11 15:54:00
-7.02751,-43.89296,NOAA-21,2025-07-11 15:54:00
-6.88486,-44.06669,NOAA-21,2025-07-11 15:54:00
-6.88169,-44.07013,NOAA-21,2025-07-11 15:54:00
-6.88092,-44.06477,NOAA-21,2025-07-11 15:54:00
-6.72013,-43.89989,NOAA-21,2025-07-11 15:54:00
-6.60572,-43.88626,NOAA-21,2025-07-11 15:54:00
-7.5372,-45.20784,NOAA-21,2025-07-11 15:54:00
-7.0288,-44.33487,NOAA-21,2025-07-11 15:54:00
-7.02684,-44.33265,NOAA-21,2025-07-11 15:54:00
-7.01105,-44.43549,NOAA-21,2025-07-11 15:54:00
-7.00609,-44.43631,NOAA-21,2025-07-11 15:54:00
-7.00555,-44.43244,NOAA-21,2025-07-11 15:54:00
-7.0048,-44.42708,NOAA-21,2025-07-11 15:54:00
-6.74421,-44.61252,NOAA-21,2025-07-11 15:54:00
-6.7438,-44.60956,NOAA-21,2025-07-11 15:54:00
-6.70281,-44.32321,NOAA-21,2025-07-11 15:54:00
-6.66791,-45.12536,NOAA-21,2025-07-11 15:54:00
-6.58887,-44.8961,NOAA-21,2025-07-11 15:54:00
-6.58845,-44.89303,NOAA-21,2025-07-11 15:54:00
-6.58805,-44.89007,NOAA-21,2025-07-11 15:54:00
-6.46951,-45.03717,NOAA-21,2025-07-11 15:54:00
-6.46666,-45.03395,NOAA-21,2025-07-11 15:54:00
-6.46396,-45.03487,NOAA-21,2025-07-11 15:54:00
-6.45155,-45.03844,NOAA-21,2025-07-11 15:54:00
-6.45113,-45.03547,NOAA-21,2025-07-11 15:54:00
-6.45072,-45.03257,NOAA-21,2025-07-11 15:54:00
-6.44598,-45.03616,NOAA-21,2025-07-11 15:54:00
-6.44168,-45.04294,NOAA-21,2025-07-11 15:54:00
-6.44125,-45.03985,NOAA-21,2025-07-11 15:54:00
-9.24269,-45.67259,NOAA-21,2025-07-11 15:54:00
-8.8208,-44.55262,NOAA-21,2025-07-11 15:54:00
-8.71189,-45.39044,NOAA-21,2025-07-11 15:54:00
-8.26932,-44.95685,NOAA-21,2025-07-11 15:54:00
-8.26405,-44.95746,NOAA-21,2025-07-11 15:54:00
-9.24426,-45.67348,NOAA-21,2025-07-11 15:54:00
-9.11086,-45.2556,NOAA-21,2025-07-11 15:54:00
-10.86247,-44.61661,NOAA-21,2025-07-11 15:54:00
-10.85713,-44.61717,NOAA-21,2025-07-11 15:54:00
-10.65311,-44.4832,NOAA-21,2025-07-11 15:54:00
-10.64784,-44.48388,NOAA-21,2025-07-11 15:54:00
-10.62544,-45.23346,NOAA-21,2025-07-11 15:54:00
-10.62498,-45.22979,NOAA-21,2025-07-11 15:54:00
-10.49283,-44.85741,NOAA-21,2025-07-11 15:54:00
-9.58695,-44.80317,NOAA-21,2025-07-11 15:54:00
-11.90354,-44.89989,NOAA-21,2025-07-11 15:54:00
-11.90308,-44.89779,NOAA-21,2025-07-11 15:54:00
-11.8105,-45.72568,NOAA-21,2025-07-11 15:54:00
-11.81034,-45.72576,NOAA-21,2025-07-11 15:54:00
-11.80517,-45.73049,NOAA-21,2025-07-11 15:54:00
-11.80504,-45.73055,NOAA-21,2025-07-11 15:54:00
-11.43994,-45.10241,NOAA-21,2025-07-11 15:54:00
-13.00263,-46.27904,NOAA-21,2025-07-11 15:52:00
-13.00202,-46.27376,NOAA-21,2025-07-11 15:52:00
-12.99546,-46.27045,NOAA-21,2025-07-11 15:52:00
-12.99029,-46.33371,NOAA-21,2025-07-11 15:52:00
-12.98974,-46.32891,NOAA-21,2025-07-11 15:52:00
-12.98937,-46.27126,NOAA-21,2025-07-11 15:52:00
-12.98543,-46.29099,NOAA-21,2025-07-11 15:52:00
-12.98488,-46.28614,NOAA-21,2025-07-11 15:52:00
-12.98433,-46.28135,NOAA-21,2025-07-11 15:52:00
-12.97933,-46.29179,NOAA-21,2025-07-11 15:52:00
-12.97878,-46.28696,NOAA-21,2025-07-11 15:52:00
-12.41762,-45.36189,NOAA-21,2025-07-11 15:54:00
-12.41715,-45.35783,NOAA-21,2025-07-11 15:54:00
-12.41668,-45.35377,NOAA-21,2025-07-11 15:54:00
-12.41621,-45.34974,NOAA-21,2025-07-11 15:54:00
-12.41188,-45.36242,NOAA-21,2025-07-11 15:54:00
-12.41141,-45.35837,NOAA-21,2025-07-11 15:54:00
-12.41094,-45.35433,NOAA-21,2025-07-11 15:54:00
-13.84323,-45.87084,NOAA-21,2025-07-11 15:52:00
-13.84042,-45.86901,NOAA-21,2025-07-11 15:52:00
-15.51659,-45.92189,NOAA-21,2025-07-11 15:52:00
-15.51626,-45.9189,NOAA-21,2025-07-11 15:52:00
-15.51611,-45.9171,NOAA-21,2025-07-11 15:52:00
-22.4867,-47.27056,NOAA-21,2025-07-11 15:50:00
-5.06063,-45.11547,NOAA-21,2025-07-11 15:56:00
-5.06018,-45.11242,NOAA-21,2025-07-11 15:56:00
-4.88435,-44.95925,NOAA-21,2025-07-11 15:56:00
-4.88393,-44.9563,NOAA-21,2025-07-11 15:56:00
-4.87934,-44.95992,NOAA-21,2025-07-11 15:56:00
-6.48043,-45.917,NOAA-21,2025-07-11 15:54:00
-6.27406,-45.89045,NOAA-21,2025-07-11 15:56:00
-6.15686,-45.89657,NOAA-21,2025-07-11 15:56:00
-6.1542,-45.89155,NOAA-21,2025-07-11 15:56:00
-6.15407,-45.87577,NOAA-21,2025-07-11 15:56:00
-6.15371,-45.88815,NOAA-21,2025-07-11 15:56:00
-6.15237,-45.90431,NOAA-21,2025-07-11 15:56:00
-6.15005,-45.88705,NOAA-21,2025-07-11 15:56:00
-6.14837,-45.92868,NOAA-21,2025-07-11 15:56:00
-6.14048,-45.95155,NOAA-21,2025-07-11 15:56:00
-6.13997,-45.94794,NOAA-21,2025-07-11 15:56:00
-6.13846,-45.93715,NOAA-21,2025-07-11 15:56:00
-6.48179,-45.25244,NOAA-21,2025-07-11 15:54:00
-6.48137,-45.24942,NOAA-21,2025-07-11 15:54:00
-6.4541,-45.13116,NOAA-21,2025-07-11 15:54:00
-6.27453,-45.89393,NOAA-21,2025-07-11 15:56:00
-6.27268,-45.89228,NOAA-21,2025-07-11 15:56:00
-6.15734,-45.90012,NOAA-21,2025-07-11 15:56:00
-6.15568,-45.90199,NOAA-21,2025-07-11 15:56:00
-6.15518,-45.89845,NOAA-21,2025-07-11 15:56:00
-6.15051,-45.89047,NOAA-21,2025-07-11 15:56:00
-6.14685,-45.9179,NOAA-21,2025-07-11 15:56:00
-6.14392,-45.93651,NOAA-21,2025-07-11 15:56:00
-6.13797,-45.93369,NOAA-21,2025-07-11 15:56:00
-6.13749,-45.93026,NOAA-21,2025-07-11 15:56:00
-6.13452,-45.94871,NOAA-21,2025-07-11 15:56:00
-6.11595,-45.20354,NOAA-21,2025-07-11 15:56:00
-5.93407,-45.06506,NOAA-21,2025-07-11 15:56:00
-5.81908,-46.10859,NOAA-21,2025-07-11 15:56:00
-5.81905,-45.2329,NOAA-21,2025-07-11 15:56:00
-5.7806,-45.10941,NOAA-21,2025-07-11 15:56:00
-5.62771,-45.04317,NOAA-21,2025-07-11 15:56:00
-5.5578,-45.6591,NOAA-21,2025-07-11 15:56:00
-5.5083,-45.5757,NOAA-21,2025-07-11 15:56:00
-5.8186,-45.22973,NOAA-21,2025-07-11 15:56:00
-5.80487,-45.24452,NOAA-21,2025-07-11 15:56:00
-5.78615,-45.11172,NOAA-21,2025-07-11 15:56:00
-5.60544,-45.16776,NOAA-21,2025-07-11 15:56:00
-7.64783,-46.01931,NOAA-21,2025-07-11 15:54:00
-7.62651,-46.03026,NOAA-21,2025-07-11 15:54:00
-7.626,-46.02645,NOAA-21,2025-07-11 15:54:00
-7.62548,-46.02262,NOAA-21,2025-07-11 15:54:00
-7.61678,-45.3643,NOAA-21,2025-07-11 15:54:00
-6.90781,-45.66506,NOAA-21,2025-07-11 15:54:00
-6.62205,-45.37137,NOAA-21,2025-07-11 15:54:00
-6.6215,-45.37123,NOAA-21,2025-07-11 15:54:00
-7.6221,-45.36329,NOAA-21,2025-07-11 15:54:00
-7.64732,-46.01554,NOAA-21,2025-07-11 15:54:00
-7.64276,-46.02397,NOAA-21,2025-07-11 15:54:00
-7.35467,-45.68188,NOAA-21,2025-07-11 15:54:00
-7.00373,-45.62269,NOAA-21,2025-07-11 15:54:00
-9.15761,-47.00501,NOAA-21,2025-07-11 15:54:00
-8.10397,-46.23328,NOAA-21,2025-07-11 15:54:00
-8.03577,-46.47712,NOAA-21,2025-07-11 15:54:00
-8.10856,-46.22414,NOAA-21,2025-07-11 15:54:00
-8.1029,-46.22525,NOAA-21,2025-07-11 15:54:00
-9.27705,-46.60675,NOAA-21,2025-07-11 15:54:00
-9.53872,-46.29058,NOAA-21,2025-07-11 15:54:00
-9.53398,-46.29541,NOAA-21,2025-07-11 15:54:00
-9.53384,-46.29916,NOAA-21,2025-07-11 15:54:00
-9.53346,-46.29142,NOAA-21,2025-07-11 15:54:00
-9.5345,-46.29945,NOAA-21,2025-07-11 15:54:00
-9.53334,-46.29511,NOAA-21,2025-07-11 15:54:00
-9.53285,-46.29111,NOAA-21,2025-07-11 15:54:00
-10.23839,-46.80043,NOAA-21,2025-07-11 15:54:00
-10.23784,-46.79583,NOAA-21,2025-07-11 15:54:00
-10.23749,-46.79973,NOAA-21,2025-07-11 15:54:00
-11.47303,-47.30424,NOAA-21,2025-07-11 15:54:00
-11.47239,-47.29897,NOAA-21,2025-07-11 15:54:00
-11.46872,-47.30369,NOAA-21,2025-07-11 15:54:00
-13.36559,-47.88449,NOAA-21,2025-07-11 15:52:00
-13.34921,-47.79462,NOAA-21,2025-07-11 15:52:00
-13.34855,-47.78847,NOAA-21,2025-07-11 15:52:00
-13.15428,-47.26717,NOAA-21,2025-07-11 15:52:00
-13.15381,-47.26594,NOAA-21,2025-07-11 15:52:00
-12.62594,-47.4397,NOAA-21,2025-07-11 15:54:00
-12.6253,-47.43407,NOAA-21,2025-07-11 15:54:00
-12.62521,-47.43723,NOAA-21,2025-07-11 15:54:00
-15.93517,-47.81509,NOAA-21,2025-07-11 15:52:00
-3.75239,-47.12051,NOAA-21,2025-07-11 15:56:00
-3.75184,-47.11663,NOAA-21,2025-07-11 15:56:00
-3.7558,-47.12119,NOAA-21,2025-07-11 15:56:00
-3.75522,-47.1173,NOAA-21,2025-07-11 15:56:00
-6.00995,-46.84106,NOAA-21,2025-07-11 15:56:00
-5.83308,-46.81009,NOAA-21,2025-07-11 15:56:00
-7.84807,-47.12807,NOAA-21,2025-07-11 15:54:00
-6.8813,-48.16327,NOAA-21,2025-07-11 15:54:00
-8.92085,-47.35176,NOAA-21,2025-07-11 15:54:00
-8.91975,-47.34995,NOAA-21,2025-07-11 15:54:00
-8.91915,-47.34512,NOAA-21,2025-07-11 15:54:00
-8.91295,-47.34593,NOAA-21,2025-07-11 15:54:00
-8.92022,-47.34692,NOAA-21,2025-07-11 15:54:00
-8.91465,-47.35255,NOAA-21,2025-07-11 15:54:00
-8.91402,-47.34771,NOAA-21,2025-07-11 15:54:00
-8.91354,-47.35077,NOAA-21,2025-07-11 15:54:00
-8.71627,-47.17035,NOAA-21,2025-07-11 15:54:00
-8.44907,-47.52618,NOAA-21,2025-07-11 15:54:00
-8.2295,-47.56859,NOAA-21,2025-07-11 15:54:00
-8.15728,-47.63476,NOAA-21,2025-07-11 15:54:00
-8.1504,-47.63072,NOAA-21,2025-07-11 15:54:00
-9.91775,-47.83096,NOAA-21,2025-07-11 15:54:00
-9.91723,-47.83167,NOAA-21,2025-07-11 15:54:00
-9.91708,-47.8253,NOAA-21,2025-07-11 15:54:00
-9.91652,-47.826,NOAA-21,2025-07-11 15:54:00
-9.8013,-47.73912,NOAA-21,2025-07-11 15:54:00
-9.79382,-47.74416,NOAA-21,2025-07-11 15:54:00
-10.19028,-48.50187,NOAA-21,2025-07-11 15:54:00
-9.91124,-47.83152,NOAA-21,2025-07-11 15:54:00
-9.91073,-47.83226,NOAA-21,2025-07-11 15:54:00
-9.80195,-47.74461,NOAA-21,2025-07-11 15:54:00
-9.80025,-47.74339,NOAA-21,2025-07-11 15:54:00
-9.7955,-47.74524,NOAA-21,2025-07-11 15:54:00
-14.59991,-48.59311,NOAA-21,2025-07-11 15:52:00
-14.32189,-48.66792,NOAA-21,2025-07-11 15:52:00
-4.37078,-48.22447,NOAA-21,2025-07-11 15:56:00
-4.3706,-48.22448,NOAA-21,2025-07-11 15:56:00
-4.32505,-48.38853,NOAA-21,2025-07-11 15:56:00
-4.32437,-48.38371,NOAA-21,2025-07-11 15:56:00
-4.31882,-48.38935,NOAA-21,2025-07-11 15:56:00
-5.62736,-48.66855,NOAA-21,2025-07-11 15:56:00
-5.62092,-48.66946,NOAA-21,2025-07-11 15:56:00
-7.08541,-49.60222,NOAA-21,2025-07-11 15:54:00
-8.74652,-49.33944,NOAA-21,2025-07-11 15:54:00
-8.74571,-49.33936,NOAA-21,2025-07-11 15:54:00
-8.74568,-49.33285,NOAA-21,2025-07-11 15:54:00
-8.74491,-49.33275,NOAA-21,2025-07-11 15:54:00
-8.66154,-49.55599,NOAA-21,2025-07-11 15:54:00
-8.65901,-49.55433,NOAA-21,2025-07-11 15:54:00
-7.97682,-49.14308,NOAA-21,2025-07-11 15:54:00
-7.97596,-49.14566,NOAA-21,2025-07-11 15:54:00
-7.97514,-49.13939,NOAA-21,2025-07-11 15:54:00
-10.57466,-49.14178,NOAA-21,2025-07-11 15:54:00
-3.58343,-49.55579,NOAA-21,2025-07-11 15:56:00
-13.3759,-64.5363,GOES-19,2025-07-11 19:50:00
-13.4231,-65.924,GOES-19,2025-07-11 19:50:00
-13.8916,-64.2211,GOES-19,2025-07-11 19:50:00
-13.8917,-64.2019,GOES-19,2025-07-11 19:50:00
-14.3683,-64.2322,GOES-19,2025-07-11 19:50:00
-14.3684,-64.213,GOES-19,2025-07-11 19:50:00
-16.0623,-60.416,GOES-19,2025-07-11 19:50:00
-18.6607,-58.3269,GOES-19,2025-07-11 19:50:00
-18.6611,-58.3063,GOES-19,2025-07-11 19:50:00
-19.4869,-63.095,GOES-19,2025-07-11 19:50:00
-19.4871,-63.075,GOES-19,2025-07-11 19:50:00
-19.6704,-58.7375,GOES-19,2025-07-11 19:50:00
-19.6707,-58.7169,GOES-19,2025-07-11 19:50:00
-19.6904,-58.735,GOES-19,2025-07-11 19:50:00
-12.4121,-45.3628,GOES-19,2025-07-11 19:50:00
-12.4125,-45.3397,GOES-19,2025-07-11 19:50:00
-8.921,-47.3595,GOES-19,2025-07-11 19:50:00
-9.9737,-64.9541,GOES-19,2025-07-11 19:50:00
-10.6669,-49.5111,GOES-19,2025-07-11 19:50:00
-9.011,-61.2238,GOES-19,2025-07-11 19:50:00
-9.0296,-61.2229,GOES-19,2025-07-11 19:50:00
-10.8432,-49.1018,GOES-19,2025-07-11 19:50:00
-10.8429,-49.1236,GOES-19,2025-07-11 19:50:00
-8.9213,-47.3374,GOES-19,2025-07-11 19:50:00
-10.6672,-49.4895,GOES-19,2025-07-11 19:50:00
-16.0628,-60.3762,GOES-19,2025-07-11 19:50:00
-16.063,-60.3563,GOES-19,2025-07-11 19:50:00
-16.3063,-59.5554,GOES-19,2025-07-11 19:50:00
-16.3257,-59.5536,GOES-19,2025-07-11 19:50:00
-16.3151,-61.9966,GOES-19,2025-07-11 19:50:00
-16.3153,-61.9768,GOES-19,2025-07-11 19:50:00
-16.3155,-61.9571,GOES-19,2025-07-11 19:50:00
-16.3349,-61.9556,GOES-19,2025-07-11 19:50:00
-16.3841,-59.5479,GOES-19,2025-07-11 19:50:00
-18.6408,-58.3293,GOES-19,2025-07-11 19:50:00
-18.6412,-58.3087,GOES-19,2025-07-11 19:50:00
-19.6908,-58.7144,GOES-19,2025-07-11 19:50:00
-20.528,-60.3595,GOES-19,2025-07-11 19:50:00
-20.6304,-60.2655,GOES-19,2025-07-11 19:50:00
-11.8382,-47.506,GOES-19,2025-07-11 19:50:00
-11.858,-58.7052,GOES-19,2025-07-11 19:50:00
-10.8619,-49.1214,GOES-19,2025-07-11 19:50:00
-11.8765,-58.7432,GOES-19,2025-07-11 19:50:00
-11.1502,-48.8705,GOES-19,2025-07-11 19:50:00
-11.8767,-58.7235,GOES-19,2025-07-11 19:50:00
-11.8769,-58.7038,GOES-19,2025-07-11 19:50:00
-18.6611,-58.3063,GOES-19,2025-07-11 20:10:00
-5.3909,-80.707,GOES-19,2025-07-11 20:10:00
-11.1895,-68.1491,GOES-19,2025-07-11 20:10:00
-13.3759,-64.5363,GOES-19,2025-07-11 20:10:00
-13.4231,-65.924,GOES-19,2025-07-11 20:10:00
-18.6412,-58.3087,GOES-19,2025-07-11 20:10:00
-18.6415,-58.2882,GOES-19,2025-07-11 20:10:00
-18.6607,-58.3269,GOES-19,2025-07-11 20:10:00
-19.6704,-58.7375,GOES-19,2025-07-11 20:10:00
-19.6904,-58.735,GOES-19,2025-07-11 20:10:00
-19.6908,-58.7144,GOES-19,2025-07-11 20:10:00
-5.411,-43.9882,GOES-19,2025-07-11 20:10:00
-5.4297,-43.9869,GOES-19,2025-07-11 20:10:00
-5.4108,-44.0112,GOES-19,2025-07-11 20:10:00
-10.4447,-44.1184,GOES-19,2025-07-11 20:10:00
-10.4638,-44.1158,GOES-19,2025-07-11 20:10:00
-13.8917,-64.2019,GOES-19,2025-07-11 20:10:00
-14.3683,-64.2322,GOES-19,2025-07-11 20:10:00
-14.3684,-64.213,GOES-19,2025-07-11 20:10:00
-14.3686,-64.1937,GOES-19,2025-07-11 20:10:00
-14.3688,-64.1745,GOES-19,2025-07-11 20:10:00
-14.5618,-63.9511,GOES-19,2025-07-11 20:10:00
-16.052,-61.2688,GOES-19,2025-07-11 20:10:00
-16.0623,-60.416,GOES-19,2025-07-11 20:10:00
-16.3063,-59.5554,GOES-19,2025-07-11 20:10:00
-16.3257,-59.5536,GOES-19,2025-07-11 20:10:00
-16.3151,-61.9966,GOES-19,2025-07-11 20:10:00
-16.3153,-61.9768,GOES-19,2025-07-11 20:10:00
-16.3361,-60.2518,GOES-19,2025-07-11 20:10:00
-16.3363,-60.2318,GOES-19,2025-07-11 20:10:00
-16.3558,-60.23,GOES-19,2025-07-11 20:10:00
-16.3752,-60.2282,GOES-19,2025-07-11 20:10:00
-16.3841,-59.5479,GOES-19,2025-07-11 20:10:00
-18.0676,-59.5768,GOES-19,2025-07-11 20:10:00
-18.0874,-59.5746,GOES-19,2025-07-11 20:10:00
-18.6018,-58.293,GOES-19,2025-07-11 20:10:00
-18.6408,-58.3293,GOES-19,2025-07-11 20:10:00
-5.4295,-44.0099,GOES-19,2025-07-11 20:10:00
-7.4731,-47.5369,GOES-19,2025-07-11 20:10:00
-7.4733,-47.5149,GOES-19,2025-07-11 20:10:00
-7.492,-47.5134,GOES-19,2025-07-11 20:10:00
-7.992,-46.406,GOES-19,2025-07-11 20:10:00
-8.7546,-60.6993,GOES-19,2025-07-11 20:10:00
-8.921,-47.3595,GOES-19,2025-07-11 20:10:00
-8.9213,-47.3374,GOES-19,2025-07-11 20:10:00
-9.1749,-49.6624,GOES-19,2025-07-11 20:10:00
-9.9737,-64.9541,GOES-19,2025-07-11 20:10:00
-10.6669,-49.5111,GOES-19,2025-07-11 20:10:00
-10.6672,-49.4895,GOES-19,2025-07-11 20:10:00
-10.8242,-49.104,GOES-19,2025-07-11 20:10:00
-10.8429,-49.1236,GOES-19,2025-07-11 20:10:00
-10.8432,-49.1018,GOES-19,2025-07-11 20:10:00
-10.8619,-49.1214,GOES-19,2025-07-11 20:10:00
-10.8622,-49.0997,GOES-19,2025-07-11 20:10:00
-11.1502,-48.8705,GOES-19,2025-07-11 20:10:00
-11.8382,-47.506,GOES-19,2025-07-11 20:10:00
-11.8767,-58.7235,GOES-19,2025-07-11 20:10:00
-11.8769,-58.7038,GOES-19,2025-07-11 20:10:00
-12.338,-52.1166,GOES-19,2025-07-11 20:10:00
-12.3383,-52.0955,GOES-19,2025-07-11 20:10:00
-13.6479,-53.9336,GOES-19,2025-07-11 20:10:00
-13.6671,-53.9314,GOES-19,2025-07-11 20:10:00
-13.3759,-64.5363,GOES-19,2025-07-11 20:20:00
-11.1708,-68.1496,GOES-19,2025-07-11 20:20:00
-13.8917,-64.2019,GOES-19,2025-07-11 20:20:00
-14.3683,-64.2322,GOES-19,2025-07-11 20:20:00
-14.3684,-64.213,GOES-19,2025-07-11 20:20:00
-14.3688,-64.1745,GOES-19,2025-07-11 20:20:00
-16.052,-61.2688,GOES-19,2025-07-11 20:20:00
-16.0522,-61.249,GOES-19,2025-07-11 20:20:00
-19.4871,-63.075,GOES-19,2025-07-11 20:20:00
-19.6704,-58.7375,GOES-19,2025-07-11 20:20:00
-19.6904,-58.735,GOES-19,2025-07-11 20:20:00
-19.6908,-58.7144,GOES-19,2025-07-11 20:20:00
-20.6102,-60.2679,GOES-19,2025-07-11 20:20:00
-20.6105,-60.2474,GOES-19,2025-07-11 20:20:00
-20.6304,-60.2655,GOES-19,2025-07-11 20:20:00
-20.6308,-60.245,GOES-19,2025-07-11 20:20:00
-10.4447,-44.1184,GOES-19,2025-07-11 20:20:00
-10.4638,-44.1158,GOES-19,2025-07-11 20:20:00
-9.0296,-61.2229,GOES-19,2025-07-11 20:20:00
-9.9737,-64.9541,GOES-19,2025-07-11 20:20:00
-10.6669,-49.5111,GOES-19,2025-07-11 20:20:00
-5.4297,-43.9869,GOES-19,2025-07-11 20:20:00
-5.6012,-45.8162,GOES-19,2025-07-11 20:20:00
-16.0623,-60.416,GOES-19,2025-07-11 20:20:00
-16.3063,-59.5554,GOES-19,2025-07-11 20:20:00
-16.3257,-59.5536,GOES-19,2025-07-11 20:20:00
-16.3151,-61.9966,GOES-19,2025-07-11 20:20:00
-16.3153,-61.9768,GOES-19,2025-07-11 20:20:00
-16.3363,-60.2318,GOES-19,2025-07-11 20:20:00
-16.3558,-60.23,GOES-19,2025-07-11 20:20:00
-16.3841,-59.5479,GOES-19,2025-07-11 20:20:00
-18.0476,-59.5991,GOES-19,2025-07-11 20:20:00
-18.5372,-58.608,GOES-19,2025-07-11 20:20:00
-18.5375,-58.5875,GOES-19,2025-07-11 20:20:00
-7.4731,-47.5369,GOES-19,2025-07-11 20:20:00
-7.4733,-47.5149,GOES-19,2025-07-11 20:20:00
-7.492,-47.5134,GOES-19,2025-07-11 20:20:00
-7.992,-46.406,GOES-19,2025-07-11 20:20:00
-8.7359,-60.7194,GOES-19,2025-07-11 20:20:00
-8.7545,-60.7185,GOES-19,2025-07-11 20:20:00
-10.6672,-49.4895,GOES-19,2025-07-11 20:20:00
-10.8429,-49.1236,GOES-19,2025-07-11 20:20:00
-10.8432,-49.1018,GOES-19,2025-07-11 20:20:00
-10.8619,-49.1214,GOES-19,2025-07-11 20:20:00
-10.8622,-49.0997,GOES-19,2025-07-11 20:20:00
-11.8382,-47.506,GOES-19,2025-07-11 20:20:00
-11.8767,-58.7235,GOES-19,2025-07-11 20:20:00
-11.8769,-58.7038,GOES-19,2025-07-11 20:20:00
-12.338,-52.1166,GOES-19,2025-07-11 20:20:00
-12.357,-52.1145,GOES-19,2025-07-11 20:20:00
-13.6479,-53.9336,GOES-19,2025-07-11 20:20:00
-13.6671,-53.9314,GOES-19,2025-07-11 20:20:00
-13.917,-55.1836,GOES-19,2025-07-11 20:20:00
-13.9173,-55.163,GOES-19,2025-07-11 20:20:00
-13.357,-64.5373,GOES-19,2025-07-11 20:30:00
-13.3758,-64.5555,GOES-19,2025-07-11 20:30:00
-13.3759,-64.5363,GOES-19,2025-07-11 20:30:00
-13.3761,-64.5172,GOES-19,2025-07-11 20:30:00
-13.4231,-65.924,GOES-19,2025-07-11 20:30:00
-14.3683,-64.2322,GOES-19,2025-07-11 20:30:00
-14.3684,-64.213,GOES-19,2025-07-11 20:30:00
-16.052,-61.2688,GOES-19,2025-07-11 20:30:00
-16.0522,-61.249,GOES-19,2025-07-11 20:30:00
-16.3063,-59.5554,GOES-19,2025-07-11 20:30:00
-16.3066,-59.5354,GOES-19,2025-07-11 20:30:00
-16.3257,-59.5536,GOES-19,2025-07-11 20:30:00
-16.3151,-61.9966,GOES-19,2025-07-11 20:30:00
-16.3153,-61.9768,GOES-19,2025-07-11 20:30:00
-16.3558,-60.23,GOES-19,2025-07-11 20:30:00
-18.0473,-59.6194,GOES-19,2025-07-11 20:30:00
-18.0476,-59.5991,GOES-19,2025-07-11 20:30:00
-18.0676,-59.5768,GOES-19,2025-07-11 20:30:00
-18.0871,-59.5949,GOES-19,2025-07-11 20:30:00
-18.0874,-59.5746,GOES-19,2025-07-11 20:30:00
-18.5372,-58.608,GOES-19,2025-07-11 20:30:00
-18.5375,-58.5875,GOES-19,2025-07-11 20:30:00
-18.5574,-58.5852,GOES-19,2025-07-11 20:30:00
-18.6216,-58.2906,GOES-19,2025-07-11 20:30:00
-18.6408,-58.3293,GOES-19,2025-07-11 20:30:00
-18.6412,-58.3087,GOES-19,2025-07-11 20:30:00
-18.6607,-58.3269,GOES-19,2025-07-11 20:30:00
-18.6611,-58.3063,GOES-19,2025-07-11 20:30:00
-19.4869,-63.095,GOES-19,2025-07-11 20:30:00
-19.4871,-63.075,GOES-19,2025-07-11 20:30:00
-19.5071,-63.0732,GOES-19,2025-07-11 20:30:00
-19.6904,-58.735,GOES-19,2025-07-11 20:30:00
-19.6908,-58.7144,GOES-19,2025-07-11 20:30:00
-20.6102,-60.2679,GOES-19,2025-07-11 20:30:00
-20.6105,-60.2474,GOES-19,2025-07-11 20:30:00
-20.6304,-60.2655,GOES-19,2025-07-11 20:30:00
-20.6308,-60.245,GOES-19,2025-07-11 20:30:00
-20.6507,-60.2631,GOES-19,2025-07-11 20:30:00
-20.651,-60.2426,GOES-19,2025-07-11 20:30:00
-23.159,-66.7694,GOES-19,2025-07-11 20:30:00
-5.411,-43.9882,GOES-19,2025-07-11 20:30:00
-5.4297,-43.9869,GOES-19,2025-07-11 20:30:00
-12.4093,-43.4929,GOES-19,2025-07-11 20:30:00
-5.4108,-44.0112,GOES-19,2025-07-11 20:30:00
-5.4295,-44.0099,GOES-19,2025-07-11 20:30:00
-5.6077,-45.0492,GOES-19,2025-07-11 20:30:00
-7.4731,-47.5369,GOES-19,2025-07-11 20:30:00
-7.4733,-47.5149,GOES-19,2025-07-11 20:30:00
-7.4918,-47.5353,GOES-19,2025-07-11 20:30:00
-7.492,-47.5134,GOES-19,2025-07-11 20:30:00
-7.9732,-46.4077,GOES-19,2025-07-11 20:30:00
-7.992,-46.406,GOES-19,2025-07-11 20:30:00
-8.7359,-60.7194,GOES-19,2025-07-11 20:30:00
-8.7545,-60.7185,GOES-19,2025-07-11 20:30:00
-9.0296,-61.2229,GOES-19,2025-07-11 20:30:00
-10.6672,-49.4895,GOES-19,2025-07-11 20:30:00
-10.8429,-49.1236,GOES-19,2025-07-11 20:30:00
-10.8432,-49.1018,GOES-19,2025-07-11 20:30:00
-10.8619,-49.1214,GOES-19,2025-07-11 20:30:00
-10.8622,-49.0997,GOES-19,2025-07-11 20:30:00
-11.7241,-47.4766,GOES-19,2025-07-11 20:30:00
-11.7245,-47.4543,GOES-19,2025-07-11 20:30:00
-11.8382,-47.506,GOES-19,2025-07-11 20:30:00
-11.8767,-58.7235,GOES-19,2025-07-11 20:30:00
-11.8769,-58.7038,GOES-19,2025-07-11 20:30:00
-13.6479,-53.9336,GOES-19,2025-07-11 20:30:00
-13.6671,-53.9314,GOES-19,2025-07-11 20:30:00
-16.306,-59.5755,GOES-19,2025-07-11 21:10:00
-16.3063,-59.5554,GOES-19,2025-07-11 21:10:00
-16.3066,-59.5354,GOES-19,2025-07-11 21:10:00
-16.3257,-59.5536,GOES-19,2025-07-11 21:10:00
-16.3151,-61.9966,GOES-19,2025-07-11 21:10:00
-16.3153,-61.9768,GOES-19,2025-07-11 21:10:00
-16.3363,-60.2318,GOES-19,2025-07-11 21:10:00
-16.3555,-60.25,GOES-19,2025-07-11 21:10:00
-16.3558,-60.23,GOES-19,2025-07-11 21:10:00
-18.0476,-59.5991,GOES-19,2025-07-11 21:10:00
-18.0479,-59.5789,GOES-19,2025-07-11 21:10:00
-18.0871,-59.5949,GOES-19,2025-07-11 21:10:00
-18.0874,-59.5746,GOES-19,2025-07-11 21:10:00
-18.5372,-58.608,GOES-19,2025-07-11 21:10:00
-18.5375,-58.5875,GOES-19,2025-07-11 21:10:00
-18.557,-58.6057,GOES-19,2025-07-11 21:10:00
-18.5574,-58.5852,GOES-19,2025-07-11 21:10:00
-18.6408,-58.3293,GOES-19,2025-07-11 21:10:00
-18.6412,-58.3087,GOES-19,2025-07-11 21:10:00
-18.6607,-58.3269,GOES-19,2025-07-11 21:10:00
-18.6611,-58.3063,GOES-19,2025-07-11 21:10:00
-19.4869,-63.095,GOES-19,2025-07-11 21:10:00
-19.4871,-63.075,GOES-19,2025-07-11 21:10:00
-19.5068,-63.0932,GOES-19,2025-07-11 21:10:00
-19.5071,-63.0732,GOES-19,2025-07-11 21:10:00
-19.6904,-58.735,GOES-19,2025-07-11 21:10:00
-19.6908,-58.7144,GOES-19,2025-07-11 21:10:00
-9.0296,-61.2229,GOES-19,2025-07-11 21:10:00
-11.8767,-58.7235,GOES-19,2025-07-11 21:10:00
-11.8769,-58.7038,GOES-19,2025-07-11 21:10:00
